config,x,y,z,method,basis,no_vmfc,vmfc,bsse
0,0.25,0.25,1.5,CCSD_T,aug-cc-pvdz,0.0007153087050255635,0.0009519950322385284,-0.0002366863272129649
2,0.25,1.0,1.75,CCSD_T,aug-cc-pvdz,-0.0005836954908318148,-0.00040534458784691196,-0.00017835090298490286
3,0.25,1.5,1.5,CCSD_T,aug-cc-pvdz,-8.73061652839624e-05,6.353185136731554e-05,-0.00015083801665127794
4,0.25,1.5,1.75,CCSD_T,aug-cc-pvdz,-0.00037813622031990235,-0.0002485573211714609,-0.00012957889914844145
5,0.25,1.25,1.75,CCSD_T,aug-cc-pvdz,-0.0004665888695285503,-0.000311925383513767,-0.0001546634860147833
6,0.25,1.75,1.0,CCSD_T,aug-cc-pvdz,0.0009264470978962436,0.0010933357737314964,-0.0001668886758352528
7,0.25,1.75,1.5,CCSD_T,aug-cc-pvdz,-0.0001707903925591836,-4.2586047200643407e-05,-0.0001282043453585402
8,0.25,1.75,1.25,CCSD_T,aug-cc-pvdz,0.00021533869457357468,0.000360080201730284,-0.0001447415071567093
9,0.25,1.75,1.75,CCSD_T,aug-cc-pvdz,-0.00032019944464423133,-0.00021210683269146102,-0.00010809261195277031
10,0.25,2.0,0.5,CCSD_T,aug-cc-pvdz,0.0010829932979277146,0.0013028454658723376,-0.00021985216794462303
11,0.25,2.0,0.25,CCSD_T,aug-cc-pvdz,0.001335549495252053,0.0015864372234943858,-0.00025088772824233274
12,0.25,2.0,0.75,CCSD_T,aug-cc-pvdz,0.0006625856522362028,0.0008413592613010223,-0.00017877360906481954
13,0.25,2.0,1.0,CCSD_T,aug-cc-pvdz,0.00022960759383749973,0.00037717963442673863,-0.0001475720405892389
14,0.25,2.0,1.5,CCSD_T,aug-cc-pvdz,-0.00023466567500918245,-0.00012425423125250745,-0.000110411443756675
15,0.25,2.0,1.25,CCSD_T,aug-cc-pvdz,-7.940118777582938e-05,4.878468628533028e-05,-0.00012818587406115967
16,0.25,2.0,1.75,CCSD_T,aug-cc-pvdz,-0.00028526246259730215,-0.0001913768542891603,-9.388560830814185e-05
17,0.25,2.5,0.5,CCSD_T,aug-cc-pvdz,-0.00029877493889785,-0.00018916160586002206,-0.00010961333303782794
18,0.25,2.5,0.25,CCSD_T,aug-cc-pvdz,-0.00027428208872493087,-0.00017238356105053754,-0.00010189852767439334
19,0.25,2.5,0.75,CCSD_T,aug-cc-pvdz,-0.0003140697007779636,-0.00020626572636217588,-0.0001078039744157877
20,0.25,2.5,1.0,CCSD_T,aug-cc-pvdz,-0.00031454985509071776,-0.0002120101939055985,-0.00010253966118511926
21,0.25,2.5,1.5,CCSD_T,aug-cc-pvdz,-0.00026974458901918297,-0.00018247690748296463,-8.726768153621833e-05
22,0.25,2.5,1.25,CCSD_T,aug-cc-pvdz,-0.00029787611796905367,-0.00020205047630383888,-9.582564166521479e-05
23,0.25,2.5,1.75,CCSD_T,aug-cc-pvdz,-0.00023539052284604622,-0.00015888381203410518,-7.650671081194105e-05
24,0.25,2.25,0.5,CCSD_T,aug-cc-pvdz,0.00011286293982948337,0.00028596137541114786,-0.0001730984355816645
25,0.25,2.25,0.25,CCSD_T,aug-cc-pvdz,0.00023393017559669715,0.00040915331082658213,-0.00017522313522988497
26,0.25,2.25,0.75,CCSD_T,aug-cc-pvdz,-3.0330153322211117e-05,0.00011838303888112023,-0.00014871319220333135
27,0.25,2.25,1.0,CCSD_T,aug-cc-pvdz,-0.00015997079199792097,-3.3152983647255496e-05,-0.00012681780835066547
28,0.25,2.25,1.5,CCSD_T,aug-cc-pvdz,-0.00026750423265298195,-0.00016995066991398744,-9.755356273899451e-05
29,0.25,2.25,1.25,CCSD_T,aug-cc-pvdz,-0.00024024339910511117,-0.00012922598209286207,-0.0001110174170122491
30,0.25,2.25,1.75,CCSD_T,aug-cc-pvdz,-0.00026138782271800665,-0.00017598877685998104,-8.53990458580256e-05
31,0.25,2.75,0.5,CCSD_T,aug-cc-pvdz,-0.000405452214494062,-0.0003311869306656945,-7.42652838283675e-05
32,0.25,2.75,0.25,CCSD_T,aug-cc-pvdz,-0.00041696799209489654,-0.0003536839208635456,-6.328407123135094e-05
33,0.25,2.75,0.75,CCSD_T,aug-cc-pvdz,-0.0003774990373131004,-0.0002959670413247295,-8.153199598837091e-05
34,0.25,2.75,1.0,CCSD_T,aug-cc-pvdz,-0.0003378931225483939,-0.0002534060139396388,-8.448710860875508e-05
35,0.25,2.75,1.5,CCSD_T,aug-cc-pvdz,-0.00024607534371057227,-0.0001715607979235756,-7.451454578699668e-05
36,0.25,2.75,1.25,CCSD_T,aug-cc-pvdz,-0.0002921546092409244,-0.00021031388214964863,-8.184072709127577e-05
37,0.25,2.75,1.75,CCSD_T,aug-cc-pvdz,-0.00020259321414073383,-0.00013775338831578665,-6.483982582494718e-05
38,0.5,1.0,1.75,CCSD_T,aug-cc-pvdz,-0.0005488100254353867,-0.00037480294295733074,-0.00017400708247805596
39,0.5,1.5,1.5,CCSD_T,aug-cc-pvdz,-8.836221743990791e-05,5.938593068322007e-05,-0.00014774814812312798
40,0.5,1.5,1.25,CCSD_T,aug-cc-pvdz,0.0005362405417770333,0.0007087777196801426,-0.0001725371779031093
41,0.5,1.5,1.75,CCSD_T,aug-cc-pvdz,-0.00035887684288127275,-0.00023018614429304307,-0.00012869069858822968
42,0.5,1.25,1.5,CCSD_T,aug-cc-pvdz,-1.267939052240763e-05,0.0001609114482619134,-0.00017359083878432102
43,0.5,1.25,1.75,CCSD_T,aug-cc-pvdz,-0.00043892503873621536,-0.000286869383614885,-0.00015205565512133035
44,0.5,1.75,1.0,CCSD_T,aug-cc-pvdz,0.0007555219266350832,0.0009329089056961948,-0.00017738697906111156
45,0.5,1.75,1.25,CCSD_T,aug-cc-pvdz,0.00017042936678990372,0.00031571713415701197,-0.00014528776736710824
46,0.5,1.75,1.5,CCSD_T,aug-cc-pvdz,-0.00016864241615621722,-4.124677144545785e-05,-0.00012739564471075937
47,0.5,1.75,1.75,CCSD_T,aug-cc-pvdz,-0.00030645898766579194,-0.0001980166866530908,-0.00010844230101270114
48,0.5,2.0,0.25,CCSD_T,aug-cc-pvdz,0.0010904442198977904,0.0013101834993278771,-0.00021973927943008675
49,0.5,2.0,0.5,CCSD_T,aug-cc-pvdz,0.0008633494672380948,0.0010750391503506762,-0.0002116896831125814
50,0.5,2.0,0.75,CCSD_T,aug-cc-pvdz,0.0005209871800957444,0.0007016534027712851,-0.00018066622267554067
51,0.5,2.0,1.0,CCSD_T,aug-cc-pvdz,0.00016900979525757975,0.00031860763031943407,-0.0001495978350618543
52,0.5,2.0,1.25,CCSD_T,aug-cc-pvdz,-9.099020417124848e-05,3.801403757108801e-05,-0.0001290042417423365
53,0.5,2.0,1.5,CCSD_T,aug-cc-pvdz,-0.00022802072410854635,-0.00011671084493514172,-0.00011130987917340462
54,0.5,2.0,1.75,CCSD_T,aug-cc-pvdz,-0.000273796533008408,-0.0001794571561504199,-9.43393768579881e-05
55,0.5,2.25,0.25,CCSD_T,aug-cc-pvdz,0.00016606026917997951,0.00032077774191918706,-0.00015471747273920755
56,0.5,2.25,0.5,CCSD_T,aug-cc-pvdz,6.313119095580078e-05,0.0002237015031454348,-0.00016057031218963402
57,0.5,2.25,0.75,CCSD_T,aug-cc-pvdz,-5.721190385088448e-05,8.859987315190665e-05,-0.00014581177700279113
58,0.5,2.25,1.0,CCSD_T,aug-cc-pvdz,-0.00016551305628809132,-3.759929745683621e-05,-0.0001279137588312551
59,0.5,2.25,1.25,CCSD_T,aug-cc-pvdz,-0.00023304885584707336,-0.00012056944630955968,-0.00011247940953751367
60,0.5,2.25,1.5,CCSD_T,aug-cc-pvdz,-0.00025639896520601724,-0.00015829026433777926,-9.810870086823797e-05
61,0.5,2.25,1.75,CCSD_T,aug-cc-pvdz,-0.0002495843456813418,-0.0001648604260395814,-8.47239196417604e-05
62,0.5,2.5,0.25,CCSD_T,aug-cc-pvdz,-0.0002676866103001885,-0.00016790588584569832,-9.978072445449016e-05
63,0.5,2.5,0.5,CCSD_T,aug-cc-pvdz,-0.0002888413640391718,-0.00017931780010371767,-0.00010952356393545415
64,0.5,2.5,0.75,CCSD_T,aug-cc-pvdz,-0.00030012628454301193,-0.00019115609954667434,-0.0001089701849963376
65,0.5,2.5,1.0,CCSD_T,aug-cc-pvdz,-0.00029803498091496294,-0.00019449794676518195,-0.00010353703414978099
66,0.5,2.5,1.25,CCSD_T,aug-cc-pvdz,-0.000281571433163208,-0.00018592816273610424,-9.564327042710374e-05
67,0.5,2.5,1.5,CCSD_T,aug-cc-pvdz,-0.00025518499168697417,-0.00016941510634183032,-8.576988534514385e-05
68,0.5,2.5,1.75,CCSD_T,aug-cc-pvdz,-0.00022278430881783606,-0.0001483649895419603,-7.441931927587575e-05
69,0.5,2.75,0.25,CCSD_T,aug-cc-pvdz,-0.0003865021602393881,-0.00032172508559824564,-6.477707464114246e-05
70,0.5,2.75,0.5,CCSD_T,aug-cc-pvdz,-0.00037672378152819874,-0.0003010849343922928,-7.563884713590596e-05
71,0.5,2.75,0.75,CCSD_T,aug-cc-pvdz,-0.00035098375016673344,-0.0002691346758041391,-8.184907436259437e-05
72,0.5,2.75,1.0,CCSD_T,aug-cc-pvdz,-0.0003144513222537171,-0.00023142514437779482,-8.302617787592226e-05
73,0.5,2.75,1.25,CCSD_T,aug-cc-pvdz,-0.00027273415588524585,-0.00019354526473591704,-7.918889114932881e-05
74,0.5,2.75,1.5,CCSD_T,aug-cc-pvdz,-0.00023051209072377787,-0.00015897746914106392,-7.153462158271395e-05
75,0.5,2.75,1.75,CCSD_T,aug-cc-pvdz,-0.00019040604067299682,-0.00012823322006738636,-6.217282060561047e-05
76,0.75,0.75,1.75,CCSD_T,aug-cc-pvdz,-0.0006456887361423469,-0.0004631511428954127,-0.0001825375932469342
77,0.75,1.0,1.75,CCSD_T,aug-cc-pvdz,-0.0005166092026627211,-0.00034791049877469504,-0.0001686987038880261
78,0.75,1.25,1.5,CCSD_T,aug-cc-pvdz,-5.10548216539064e-05,0.00011693017070513179,-0.0001679849923590382
79,0.75,1.25,1.75,CCSD_T,aug-cc-pvdz,-0.00041278327566374173,-0.0002640296861358138,-0.00014875358952792794
80,0.75,1.5,1.25,CCSD_T,aug-cc-pvdz,0.0004015281631666312,0.0005686142594214516,-0.0001670860962548204
81,0.75,1.5,1.5,CCSD_T,aug-cc-pvdz,-0.00010987077820345803,3.514407852378554e-05,-0.00014501485672724357
82,0.75,1.5,1.75,CCSD_T,aug-cc-pvdz,-0.0003384232144583166,-0.00021144889569768566,-0.00012697431876063092
83,0.75,1.75,0.75,CCSD_T,aug-cc-pvdz,0.00112773602572247,0.0013630673453803865,-0.00023533131965791654
84,0.75,1.75,1.0,CCSD_T,aug-cc-pvdz,0.0005623999011561409,0.0007391077276110991,-0.0001767078264549582
85,0.75,1.75,1.25,CCSD_T,aug-cc-pvdz,0.00010429006638901228,0.0002480704621206087,-0.0001437803957315964
86,0.75,1.75,1.5,CCSD_T,aug-cc-pvdz,-0.0001740970501487027,-4.718791005586809e-05,-0.0001269091400928346
87,0.75,1.75,1.75,CCSD_T,aug-cc-pvdz,-0.0002891084156999568,-0.00018129733510363621,-0.00010781108059632061
88,0.75,2.0,0.25,CCSD_T,aug-cc-pvdz,0.0008869715310595438,0.0010863297450356413,-0.00019935821397609743
89,0.75,2.0,0.5,CCSD_T,aug-cc-pvdz,0.0006631365190514771,0.0008623812278614196,-0.0001992447088099425
90,0.75,2.0,0.75,CCSD_T,aug-cc-pvdz,0.0003771278077522311,0.0005524776610172921,-0.00017534985326506103
91,0.75,2.0,1.0,CCSD_T,aug-cc-pvdz,9.876368952177472e-05,0.00024745587313645956,-0.00014869218361468484
92,0.75,2.0,1.25,CCSD_T,aug-cc-pvdz,-0.00010796706743576578,2.1201298480377773e-05,-0.00012916836591614356
93,0.75,2.0,1.5,CCSD_T,aug-cc-pvdz,-0.00022026388217000203,-0.00010890180776357283,-0.0001113620744064292
94,0.75,2.0,1.75,CCSD_T,aug-cc-pvdz,-0.0002568634276656212,-0.00016321302798871784,-9.365039967690336e-05
95,0.75,2.25,0.25,CCSD_T,aug-cc-pvdz,0.00010771776931051136,0.0002512098115232675,-0.00014349204221275613
96,0.75,2.25,0.5,CCSD_T,aug-cc-pvdz,2.089985142106343e-05,0.00016963466462982524,-0.0001487348132087618
97,0.75,2.25,0.75,CCSD_T,aug-cc-pvdz,-8.005302734659381e-05,6.071117657313607e-05,-0.00014076420391972988
98,0.75,2.25,1.0,CCSD_T,aug-cc-pvdz,-0.00016735228132347402,-4.033953632642806e-05,-0.00012701274499704596
99,0.75,2.25,1.25,CCSD_T,aug-cc-pvdz,-0.00022101782533923142,-0.00010891059567086359,-0.00011210722966836784
100,0.75,2.25,1.5,CCSD_T,aug-cc-pvdz,-0.00023919936617744497,-0.00014238751262496407,-9.68118535524809e-05
101,0.75,2.25,1.75,CCSD_T,aug-cc-pvdz,-0.000231104673758864,-0.0001486385864524209,-8.246608730644311e-05
102,0.75,2.5,0.25,CCSD_T,aug-cc-pvdz,-0.00024928535773938165,-0.00014737741321368958,-0.00010190794452569207
103,0.75,2.5,0.5,CCSD_T,aug-cc-pvdz,-0.00026429887523704565,-0.0001562420151515198,-0.00010805686008552584
104,0.75,2.5,0.75,CCSD_T,aug-cc-pvdz,-0.000272888448591857,-0.00016536238987896468,-0.00010752605871289234
105,0.75,2.5,1.0,CCSD_T,aug-cc-pvdz,-0.0002701249574101894,-0.00016832540148925546,-0.00010179955592093393
106,0.75,2.5,1.25,CCSD_T,aug-cc-pvdz,-0.0002556606233952152,-0.0001628111341034355,-9.284948929177972e-05
107,0.75,2.5,1.5,CCSD_T,aug-cc-pvdz,-0.00023238432382299834,-0.0001503121071948499,-8.207221662814845e-05
108,0.75,2.5,1.75,CCSD_T,aug-cc-pvdz,-0.00020313717359954353,-0.00013251657071577938,-7.062060288376415e-05
109,0.75,2.75,0.25,CCSD_T,aug-cc-pvdz,-0.0003417553936344575,-0.0002725802110603581,-6.917518257409938e-05
110,0.75,2.75,0.5,CCSD_T,aug-cc-pvdz,-0.0003315496953746333,-0.00025537753995763524,-7.617215541699807e-05
111,0.75,2.75,0.75,CCSD_T,aug-cc-pvdz,-0.00030931638150377694,-0.0002295732011674545,-7.974318033632244e-05
112,0.75,2.75,1.0,CCSD_T,aug-cc-pvdz,-0.00027826757704474403,-0.00019934761419904135,-7.891996284570268e-05
113,0.75,2.75,1.25,CCSD_T,aug-cc-pvdz,-0.00024297026246244968,-0.0001688619053226148,-7.410835713983488e-05
114,0.75,2.75,1.5,CCSD_T,aug-cc-pvdz,-0.00020667526530360192,-0.00014018720777642102,-6.64880575271809e-05
115,0.75,2.75,1.75,CCSD_T,aug-cc-pvdz,-0.00017167088492442417,-0.00011389822864771304,-5.777265627671113e-05
116,1.0,0.25,1.75,CCSD_T,aug-cc-pvdz,-0.0008560479289769773,-0.0006767524099728917,-0.0001792955190040857
117,1.0,0.5,1.75,CCSD_T,aug-cc-pvdz,-0.0007488857923192427,-0.0005717318920801517,-0.00017715390023909094
118,1.0,0.75,1.75,CCSD_T,aug-cc-pvdz,-0.000616298067001253,-0.0004447010835377796,-0.0001715969834634734
119,1.0,1.0,1.5,CCSD_T,aug-cc-pvdz,-0.00014103648615559905,4.32926636335651e-05,-0.00018432914978916415
120,1.0,1.0,1.75,CCSD_T,aug-cc-pvdz,-0.0004921246142259861,-0.0003321809705028045,-0.0001599436437231816
121,1.0,1.25,1.25,CCSD_T,aug-cc-pvdz,0.00046003382411186067,0.0006494958593918909,-0.00018946203528003025
122,1.0,1.25,1.5,CCSD_T,aug-cc-pvdz,-0.00012875965467173955,3.460854357228982e-05,-0.00016336819824402937
123,1.0,1.25,1.75,CCSD_T,aug-cc-pvdz,-0.00039233766941038084,-0.00025011450375700406,-0.00014222316565337678
124,1.0,1.5,1.0,CCSD_T,aug-cc-pvdz,0.000816982917825726,0.0010234201701990742,-0.0002064372523733482
125,1.0,1.5,1.25,CCSD_T,aug-cc-pvdz,0.00023149707070047043,0.00039066744876947723,-0.0001591703780690068
126,1.0,1.5,1.5,CCSD_T,aug-cc-pvdz,-0.00015367400541776988,-1.0753856798828565e-05,-0.0001429201486189413
127,1.0,1.5,1.75,CCSD_T,aug-cc-pvdz,-0.00031960703356048725,-0.0001973523641538577,-0.00012225466940662955
128,1.0,1.75,0.25,CCSD_T,aug-cc-pvdz,0.0016362826092688465,0.001891489992345896,-0.0002552073830770496
129,1.0,1.75,0.5,CCSD_T,aug-cc-pvdz,0.0012492000424515481,0.001499396529325736,-0.00025019648687418794
130,1.0,1.75,0.75,CCSD_T,aug-cc-pvdz,0.0008000055053400956,0.0010097715716312905,-0.00020976606629119487
131,1.0,1.75,1.0,CCSD_T,aug-cc-pvdz,0.0003674268466227204,0.0005320719952948139,-0.00016464514867209346
132,1.0,1.75,1.25,CCSD_T,aug-cc-pvdz,2.055566986314261e-05,0.00016191151644306956,-0.00014135584657992695
133,1.0,1.75,1.5,CCSD_T,aug-cc-pvdz,-0.00018827655998165937,-6.320601364961931e-05,-0.00012507054633204007
134,1.0,1.75,1.75,CCSD_T,aug-cc-pvdz,-0.00027004094596350114,-0.0001656272536791903,-0.00010441369228431086
135,1.0,2.0,0.25,CCSD_T,aug-cc-pvdz,0.0006624547355613686,0.000841367957960415,-0.0001789132223990464
136,1.0,2.0,0.5,CCSD_T,aug-cc-pvdz,0.0004713107456382204,0.0006492542520533107,-0.00017794350641509027
137,1.0,2.0,0.75,CCSD_T,aug-cc-pvdz,0.0002403519473830329,0.00040254462344080366,-0.00016219267605777077
138,1.0,2.0,1.0,CCSD_T,aug-cc-pvdz,2.628879960298036e-05,0.00016967964359082544,-0.00014339084398784507
139,1.0,2.0,1.25,CCSD_T,aug-cc-pvdz,-0.0001296335340157384,-3.118534820600871e-06,-0.00012651499919513753
140,1.0,2.0,1.5,CCSD_T,aug-cc-pvdz,-0.00021244238837425655,-0.00010404053605839181,-0.00010840185231586474
141,1.0,2.0,1.75,CCSD_T,aug-cc-pvdz,-0.00023599435837695637,-0.00014567422952893594,-9.032012884802043e-05
142,1.0,2.25,0.25,CCSD_T,aug-cc-pvdz,5.170370752693998e-05,0.00018768899613519352,-0.00013598528860825354
143,1.0,2.25,0.5,CCSD_T,aug-cc-pvdz,-1.8088148863171227e-05,0.00012014942761595648,-0.0001382375764791277
144,1.0,2.25,0.75,CCSD_T,aug-cc-pvdz,-9.858996421030497e-05,3.425476016616358e-05,-0.00013284472437646855
145,1.0,2.25,1.0,CCSD_T,aug-cc-pvdz,-0.00016569387037179695,-4.405781322702751e-05,-0.00012163605714476944
146,1.0,2.25,1.25,CCSD_T,aug-cc-pvdz,-0.000205793414437494,-9.84945544786342e-05,-0.0001072988599588598
147,1.0,2.25,1.5,CCSD_T,aug-cc-pvdz,-0.00021752519404572013,-0.00012548653177191227,-9.203866227380786e-05
148,1.0,2.25,1.75,CCSD_T,aug-cc-pvdz,-0.00020768252991842928,-0.00012975817129756706,-7.792435862086222e-05
149,1.0,2.5,0.25,CCSD_T,aug-cc-pvdz,-0.00022088557824417876,-0.00011913654464024148,-0.00010174903360393728
150,1.0,2.5,0.5,CCSD_T,aug-cc-pvdz,-0.0002310614402460942,-0.00012730136606364795,-0.00010376007418244626
151,1.0,2.5,0.75,CCSD_T,aug-cc-pvdz,-0.00023747456884848361,-0.0001357736384193231,-0.00010170093042916051
152,1.0,2.5,1.0,CCSD_T,aug-cc-pvdz,-0.00023536002461810313,-0.00013992505155613344,-9.543497306196969e-05
153,1.0,2.5,1.25,CCSD_T,aug-cc-pvdz,-0.00022377316702204553,-0.0001375149490883132,-8.625821793373234e-05
154,1.0,2.5,1.5,CCSD_T,aug-cc-pvdz,-0.00020404567757736913,-0.00012830485064796449,-7.574082692940465e-05
155,1.0,2.5,1.75,CCSD_T,aug-cc-pvdz,-0.0001785942689878084,-0.0001136787409450335,-6.49155280427749e-05
156,1.0,2.75,0.25,CCSD_T,aug-cc-pvdz,-0.00028651063485085615,-0.00021602195022296655,-7.04886846278896e-05
157,1.0,2.75,0.5,CCSD_T,aug-cc-pvdz,-0.00027701342511932125,-0.00020362545998864334,-7.338796513067791e-05
158,1.0,2.75,0.75,CCSD_T,aug-cc-pvdz,-0.0002593245967261737,-0.00018517445654708808,-7.415014017908561e-05
159,1.0,2.75,1.0,CCSD_T,aug-cc-pvdz,-0.00023519841073493808,-0.00016336384308601737,-7.183456764892071e-05
160,1.0,2.75,1.25,CCSD_T,aug-cc-pvdz,-0.0002072858314363657,-0.0001405615375489333,-6.67242938874324e-05
161,1.0,2.75,1.5,CCSD_T,aug-cc-pvdz,-0.0001777591586460403,-0.0001180504616371536,-5.97086970088867e-05
162,1.0,2.75,1.75,CCSD_T,aug-cc-pvdz,-0.00014861845195923706,-9.667149946324116e-05,-5.19469524959959e-05
163,1.25,0.25,1.75,CCSD_T,aug-cc-pvdz,-0.0007832897096307079,-0.0006271402760660294,-0.00015614943356467847
164,1.25,0.5,1.5,CCSD_T,aug-cc-pvdz,-0.0004861729242406909,-0.00029444778219556156,-0.00019172514204512936
165,1.25,0.5,1.75,CCSD_T,aug-cc-pvdz,-0.0006916449409573033,-0.0005349696040894969,-0.00015667533686780644
166,1.25,0.75,1.5,CCSD_T,aug-cc-pvdz,-0.00034851760071319404,-0.0001648128469042831,-0.00018370475380891094
167,1.25,0.75,1.75,CCSD_T,aug-cc-pvdz,-0.000575498337298086,-0.00042190663261010286,-0.0001535917046879831
168,1.25,1.0,1.25,CCSD_T,aug-cc-pvdz,0.0002542033260226617,0.00045540035246460775,-0.00020119702644194604
169,1.25,1.0,1.5,CCSD_T,aug-cc-pvdz,-0.0002560099512152192,-8.412741716767869e-05,-0.0001718825340475405
170,1.25,1.0,1.75,CCSD_T,aug-cc-pvdz,-0.00046288529986782123,-0.0003185847250080087,-0.00014430057485981251
171,1.25,1.25,1.0,CCSD_T,aug-cc-pvdz,0.0007666399920935874,0.0009873969327998111,-0.00022075694070622376
172,1.25,1.25,1.25,CCSD_T,aug-cc-pvdz,0.00017469386042989754,0.0003500362073651786,-0.00017534234693528106
173,1.25,1.25,1.5,CCSD_T,aug-cc-pvdz,-0.0002116921761228241,-5.673838894892924e-05,-0.00015495378717389485
174,1.25,1.25,1.75,CCSD_T,aug-cc-pvdz,-0.00036890104240683286,-0.0002394807329295645,-0.00012942030947726835
175,1.25,1.5,0.5,CCSD_T,aug-cc-pvdz,0.001454921072166826,0.0017237334157584883,-0.0002688123435916623
176,1.25,1.5,0.75,CCSD_T,aug-cc-pvdz,0.0009607496679393535,0.0011879882535339448,-0.00022723858559459131
177,1.25,1.5,1.0,CCSD_T,aug-cc-pvdz,0.00046769047725092605,0.0006448827262772738,-0.00017719224902634778
178,1.25,1.5,1.25,CCSD_T,aug-cc-pvdz,5.347705450731155e-05,0.00020680106946713295,-0.0001533240149598214
179,1.25,1.5,1.5,CCSD_T,aug-cc-pvdz,-0.00019988605646403812,-6.336650245941655e-05,-0.00013651955400462157
180,1.25,1.5,1.75,CCSD_T,aug-cc-pvdz,-0.000298117157882416,-0.0001854472943421115,-0.0001126698635403045
181,1.25,1.75,0.25,CCSD_T,aug-cc-pvdz,0.0010993018611031857,0.0013024060099127155,-0.00020310414880952976
182,1.25,1.75,0.5,CCSD_T,aug-cc-pvdz,0.0008223553816435469,0.0010196744040342764,-0.00019731902239072951
183,1.25,1.75,0.75,CCSD_T,aug-cc-pvdz,0.000490855692646619,0.0006645087868264454,-0.00017365309417982644
184,1.25,1.75,1.0,CCSD_T,aug-cc-pvdz,0.00017498163256846055,0.00032657954309911474,-0.0001515979105306542
185,1.25,1.75,1.25,CCSD_T,aug-cc-pvdz,-6.631151350688924e-05,7.030500580640364e-05,-0.00013661651931329288
186,1.25,1.75,1.5,CCSD_T,aug-cc-pvdz,-0.0002015799891808001,-8.328567159310296e-05,-0.00011829431758769715
187,1.25,1.75,1.75,CCSD_T,aug-cc-pvdz,-0.00024816634618218814,-0.00015075077878634602,-9.741556739584212e-05
188,1.25,2.0,0.25,CCSD_T,aug-cc-pvdz,0.00041926987466922583,0.0005715072042704605,-0.0001522373296012347
189,1.25,2.0,0.5,CCSD_T,aug-cc-pvdz,0.00027808679959662186,0.0004308280797289399,-0.00015274128013231802
190,1.25,2.0,0.75,CCSD_T,aug-cc-pvdz,0.00010830616923840353,0.0002538594571745989,-0.00014555328793619537
191,1.25,2.0,1.0,CCSD_T,aug-cc-pvdz,-4.433617974086701e-05,8.949402911184734e-05,-0.00013383020885271435
192,1.25,2.0,1.25,CCSD_T,aug-cc-pvdz,-0.00015016657570754433,-3.1554176644021936e-05,-0.00011861239906352239
193,1.25,2.0,1.5,CCSD_T,aug-cc-pvdz,-0.00020178253029712323,-0.00010101273660723109,-0.00010076979368989214
194,1.25,2.0,1.75,CCSD_T,aug-cc-pvdz,-0.0002118218850739595,-0.00012773476073846268,-8.408712433549681e-05
195,1.25,2.25,0.25,CCSD_T,aug-cc-pvdz,-7.0147674193776766e-06,0.0001181129936327352,-0.00012512776105211287
196,1.25,2.25,0.5,CCSD_T,aug-cc-pvdz,-5.715974162967541e-05,6.803394532539642e-05,-0.00012519368695507183
197,1.25,2.25,0.75,CCSD_T,aug-cc-pvdz,-0.00011490042382433785,5.402548410415875e-06,-0.00012030297223475372
198,1.25,2.25,1.0,CCSD_T,aug-cc-pvdz,-0.00016184624061565955,-5.1494222176984294e-05,-0.00011035201843867526
199,1.25,2.25,1.25,CCSD_T,aug-cc-pvdz,-0.00018795344414002102,-9.053669914749207e-05,-9.741674499252895e-05
200,1.25,2.25,1.5,CCSD_T,aug-cc-pvdz,-0.0001925832898450608,-0.00010881540356422192,-8.376788628083887e-05
201,1.25,2.25,1.75,CCSD_T,aug-cc-pvdz,-0.00018093822890818956,-0.0001099537537498918,-7.098447515829776e-05
202,1.25,2.5,0.25,CCSD_T,aug-cc-pvdz,-0.00018974483796796449,-9.469431110176174e-05,-9.505052686620274e-05
203,1.25,2.5,0.5,CCSD_T,aug-cc-pvdz,-0.00019635765227121738,-0.00010195647828936671,-9.440117398185066e-05
204,1.25,2.5,0.75,CCSD_T,aug-cc-pvdz,-0.00020080936531030602,-0.0001098186861696604,-9.099067914064563e-05
205,1.25,2.5,1.0,CCSD_T,aug-cc-pvdz,-0.00019908904613430423,-0.0001143437729353991,-8.474527319890512e-05
206,1.25,2.5,1.25,CCSD_T,aug-cc-pvdz,-0.0001896402665693131,-0.0001131785271724084,-7.64617393969047e-05
207,1.25,2.5,1.5,CCSD_T,aug-cc-pvdz,-0.0001730304303464436,-0.00010585125225759384,-6.717917808884977e-05
208,1.25,2.5,1.75,CCSD_T,aug-cc-pvdz,-0.00015134922026049935,-9.386066656702496e-05,-5.748855369347439e-05
209,1.25,2.75,0.25,CCSD_T,aug-cc-pvdz,-0.00022935625585773778,-0.00016319481039772654,-6.616144546001124e-05
210,1.25,2.75,0.5,CCSD_T,aug-cc-pvdz,-0.00022191436357843486,-0.0001553702784633515,-6.654408511508336e-05
211,1.25,2.75,0.75,CCSD_T,aug-cc-pvdz,-0.00020900203625728864,-0.00014344849390113268,-6.555354235615596e-05
212,1.25,2.75,1.0,CCSD_T,aug-cc-pvdz,-0.00019129594411992912,-0.0001286706381051772,-6.262530601475191e-05
213,1.25,2.75,1.25,CCSD_T,aug-cc-pvdz,-0.00017011631643981673,-0.00011227259813040291,-5.7843718309413816e-05
214,1.25,2.75,1.5,CCSD_T,aug-cc-pvdz,-0.00014696130375568828,-9.52247169010434e-05,-5.1736586854644884e-05
215,1.25,2.75,1.75,CCSD_T,aug-cc-pvdz,-0.0001236584257355844,-7.855592436101233e-05,-4.510250137457206e-05
216,1.5,0.25,1.5,CCSD_T,aug-cc-pvdz,-0.0006360178072952749,-0.00047286658765699485,-0.00016315121963828005
217,1.5,0.25,1.75,CCSD_T,aug-cc-pvdz,-0.0006778696149183361,-0.0005499112190392452,-0.00012795839587909086
218,1.5,0.5,1.25,CCSD_T,aug-cc-pvdz,-0.00023203382505698755,-3.683438215773549e-05,-0.00019519944289925206
219,1.5,0.5,1.5,CCSD_T,aug-cc-pvdz,-0.0005336007312735092,-0.00037123953984519176,-0.0001623611914283174
220,1.5,0.5,1.75,CCSD_T,aug-cc-pvdz,-0.0006073909852375436,-0.0004770974047829668,-0.00013029358045457684
221,1.5,0.75,1.25,CCSD_T,aug-cc-pvdz,-0.00010642696938134577,8.0566447437036e-05,-0.00018699341681838177
222,1.5,0.75,1.5,CCSD_T,aug-cc-pvdz,-0.00041935640891210824,-0.00026018029318208846,-0.00015917611573001977
223,1.5,0.75,1.75,CCSD_T,aug-cc-pvdz,-0.0005137227124976107,-0.00038467631381422507,-0.00012904639868338563
224,1.5,1.0,1.0,CCSD_T,aug-cc-pvdz,0.00042673463713072124,0.0006367991811089269,-0.00021006454397820562
225,1.5,1.0,1.25,CCSD_T,aug-cc-pvdz,-4.827901202020257e-05,0.0001267801945488145,-0.00017505920656901708
226,1.5,1.0,1.5,CCSD_T,aug-cc-pvdz,-0.0003261756862684706,-0.0001750473833084243,-0.0001511283029600463
227,1.5,1.0,1.75,CCSD_T,aug-cc-pvdz,-0.0004174694485641339,-0.00029500370885671146,-0.00012246573970742247
228,1.5,1.25,0.5,CCSD_T,aug-cc-pvdz,0.0012013755261364167,0.0014615218799889362,-0.0002601463538525195
229,1.5,1.25,0.75,CCSD_T,aug-cc-pvdz,0.0007697161619830695,0.0009921326922466278,-0.00022241653026355834
230,1.5,1.25,1.0,CCSD_T,aug-cc-pvdz,0.00031885097396866513,0.0005011086542907606,-0.00018225768032209544
231,1.5,1.25,1.25,CCSD_T,aug-cc-pvdz,-5.041347847623001e-05,0.00010885283809614066,-0.00015926631657237067
232,1.5,1.25,1.5,CCSD_T,aug-cc-pvdz,-0.0002633466303336718,-0.0001253320902918631,-0.0001380145400418087
233,1.5,1.25,1.75,CCSD_T,aug-cc-pvdz,-0.00033511467430002995,-0.0002233000463860435,-0.00011181462791398644
234,1.5,1.5,0.25,CCSD_T,aug-cc-pvdz,0.0011089375358324105,0.001316160737417249,-0.00020722320158483853
235,1.5,1.5,0.5,CCSD_T,aug-cc-pvdz,0.0008378135252087304,0.001036888386167334,-0.0001990748609586035
236,1.5,1.5,0.75,CCSD_T,aug-cc-pvdz,0.000497941479778774,0.0006750241785198341,-0.00017708269874106009
237,1.5,1.5,1.0,CCSD_T,aug-cc-pvdz,0.00016527472971006318,0.0003228044314056433,-0.00015752970169558012
238,1.5,1.5,1.25,CCSD_T,aug-cc-pvdz,-8.779999259900251e-05,5.4588277336620195e-05,-0.0001423882699356227
239,1.5,1.5,1.5,CCSD_T,aug-cc-pvdz,-0.00022591117530623706,-0.00010369946323862678,-0.00012221171206761028
240,1.5,1.5,1.75,CCSD_T,aug-cc-pvdz,-0.0002704455195328137,-0.00017058099055589082,-9.986452897692288e-05
241,1.5,1.75,0.25,CCSD_T,aug-cc-pvdz,0.0006163358756623438,0.0007701834238531546,-0.0001538475481908108
242,1.5,1.75,0.5,CCSD_T,aug-cc-pvdz,0.0004360548949478016,0.0005902475034105237,-0.0001541926084627221
243,1.5,1.75,0.75,CCSD_T,aug-cc-pvdz,0.0002142053441502867,0.00036268238378056594,-0.00014847703963027925
244,1.5,1.75,1.0,CCSD_T,aug-cc-pvdz,1.1062020746521739e-05,0.00015003385752265785,-0.00013897183677613612
245,1.5,1.75,1.25,CCSD_T,aug-cc-pvdz,-0.00013154586110886157,-6.8692209538312454e-06,-0.00012467664015503033
246,1.5,1.75,1.5,CCSD_T,aug-cc-pvdz,-0.00020338433915867427,-9.760363533928285e-05,-0.00010578070381939142
247,1.5,1.75,1.75,CCSD_T,aug-cc-pvdz,-0.00022227949597208863,-0.0001343762516228253,-8.790324434926333e-05
248,1.5,2.0,0.25,CCSD_T,aug-cc-pvdz,0.00019420787526769345,0.00032447330221430093,-0.00013026542694660748
249,1.5,2.0,0.5,CCSD_T,aug-cc-pvdz,0.00010312786108102046,0.00023487708702418786,-0.0001317492259431674
250,1.5,2.0,0.75,CCSD_T,aug-cc-pvdz,-5.8512972032076505e-06,0.00012245805793043019,-0.00012830935513363784
251,1.5,2.0,1.0,CCSD_T,aug-cc-pvdz,-9.979745692589859e-05,1.9067756795720925e-05,-0.00011886521372161951
252,1.5,2.0,1.25,CCSD_T,aug-cc-pvdz,-0.00016010615647132909,-5.532813183606322e-05,-0.00010477802463526587
253,1.5,2.0,1.5,CCSD_T,aug-cc-pvdz,-0.00018532237456270195,-9.595863926392667e-05,-8.936373529877528e-05
254,1.5,2.0,1.75,CCSD_T,aug-cc-pvdz,-0.0001846455574252559,-0.00010930063784542199,-7.534491957983391e-05
255,1.5,2.25,0.25,CCSD_T,aug-cc-pvdz,-5.881429399323679e-05,5.081654572336447e-05,-0.00010963083971660126
256,1.5,2.25,0.5,CCSD_T,aug-cc-pvdz,-9.00672193608898e-05,1.8112724134766722e-05,-0.00010817994349565652
257,1.5,2.25,0.75,CCSD_T,aug-cc-pvdz,-0.00012591083068969056,-2.2635626180544932e-05,-0.00010327520450914562
258,1.5,2.25,1.0,CCSD_T,aug-cc-pvdz,-0.00015363909625421002,-5.886497027063342e-05,-9.47741259835766e-05
259,1.5,2.25,1.25,CCSD_T,aug-cc-pvdz,-0.00016676522190550713,-8.262167487771421e-05,-8.414354702779292e-05
260,1.5,2.25,1.5,CCSD_T,aug-cc-pvdz,-0.00016518550816613242,-9.217638798020289e-05,-7.300912018592953e-05
261,1.5,2.25,1.75,CCSD_T,aug-cc-pvdz,-0.00015222890957033997,-9.029455235065598e-05,-6.193435721968399e-05
262,1.5,2.5,0.25,CCSD_T,aug-cc-pvdz,-0.0001606578455835006,-7.824870390038541e-05,-8.24091416831152e-05
263,1.5,2.5,0.5,CCSD_T,aug-cc-pvdz,-0.00016445243250018393,-8.369339920477614e-05,-8.075903329540779e-05
264,1.5,2.5,0.75,CCSD_T,aug-cc-pvdz,-0.00016665333257037673,-8.942708748804762e-05,-7.722624508232911e-05
265,1.5,2.5,1.0,CCSD_T,aug-cc-pvdz,-0.00016422589351350325,-9.238379104203887e-05,-7.184210247146439e-05
266,1.5,2.5,1.25,CCSD_T,aug-cc-pvdz,-0.00015575072953311064,-9.073385797364608e-05,-6.501687155946456e-05
267,1.5,2.5,1.5,CCSD_T,aug-cc-pvdz,-0.00014154456431469953,-8.438127530041584e-05,-5.716328901428369e-05
268,1.5,2.5,1.75,CCSD_T,aug-cc-pvdz,-0.00012340058734139348,-7.453913701738202e-05,-4.886145032401146e-05
269,1.5,2.75,0.25,CCSD_T,aug-cc-pvdz,-0.0001778936635048467,-0.00012011911282172605,-5.777455068312065e-05
270,1.5,2.75,0.5,CCSD_T,aug-cc-pvdz,-0.0001725630545763579,-0.00011537417043427922,-5.718888414207868e-05
271,1.5,2.75,0.75,CCSD_T,aug-cc-pvdz,-0.00016333022364278804,-0.00010779885562328673,-5.5531368019501315e-05
272,1.5,2.75,1.0,CCSD_T,aug-cc-pvdz,-0.00015042962206734956,-9.78660943928844e-05,-5.256352767446515e-05
273,1.5,2.75,1.25,CCSD_T,aug-cc-pvdz,-0.00013454298209580884,-8.617686356160448e-05,-4.836611853420436e-05
274,1.5,2.75,1.5,CCSD_T,aug-cc-pvdz,-0.0001168625970251469,-7.364895203920696e-05,-4.3213644985939936e-05
275,1.5,2.75,1.75,CCSD_T,aug-cc-pvdz,-9.89379902591736e-05,-6.11623884196888e-05,-3.777560183948481e-05
276,1.75,0.25,1.0,CCSD_T,aug-cc-pvdz,-0.00025214976355414365,-6.685575573328606e-05,-0.0001852940078208576
277,1.75,0.25,1.25,CCSD_T,aug-cc-pvdz,-0.0004920021666521279,-0.0003356858836838228,-0.00015631628296830513
278,1.75,0.25,1.5,CCSD_T,aug-cc-pvdz,-0.0005758983936914319,-0.0004500872168193837,-0.00012581117687204824
279,1.75,0.25,1.75,CCSD_T,aug-cc-pvdz,-0.000556103949691078,-0.0004557573540040494,-0.00010034659568702864
280,1.75,0.5,1.0,CCSD_T,aug-cc-pvdz,-0.00012349503282393925,5.715479760226572e-05,-0.00018064983042620497
281,1.75,0.5,1.25,CCSD_T,aug-cc-pvdz,-0.00039370695725438054,-0.00023843533796252814,-0.0001552716192918524
282,1.75,0.5,1.5,CCSD_T,aug-cc-pvdz,-0.0005060326344334953,-0.00037747719956371384,-0.0001285554348697815
283,1.75,0.5,1.75,CCSD_T,aug-cc-pvdz,-0.0005050094501655167,-0.00040202087816965104,-0.00010298857199586564
284,1.75,0.75,0.75,CCSD_T,aug-cc-pvdz,0.0003705111234353353,0.0005719543538447169,-0.0002014432304093816
285,1.75,0.75,1.0,CCSD_T,aug-cc-pvdz,-1.7539389688181473e-05,0.00015665911520557074,-0.00017419850489375222
286,1.75,0.75,1.25,CCSD_T,aug-cc-pvdz,-0.00029153052705055416,-0.0001389448837016971,-0.00015258564334885705
287,1.75,0.75,1.5,CCSD_T,aug-cc-pvdz,-0.00041899499734654455,-0.000290441297991606,-0.00012855369935493854
288,1.75,0.75,1.75,CCSD_T,aug-cc-pvdz,-0.0004345148773836627,-0.00033117876309063377,-0.00010333611429302891
289,1.75,1.0,0.25,CCSD_T,aug-cc-pvdz,0.0009541146763467623,0.001183023041164688,-0.00022890836481792576
290,1.75,1.0,0.5,CCSD_T,aug-cc-pvdz,0.0006980146918920127,0.0009110888820202945,-0.00021307419012828177
291,1.75,1.0,0.75,CCSD_T,aug-cc-pvdz,0.0003582325830961963,0.0005455942703491701,-0.00018736168725297375
292,1.75,1.0,1.0,CCSD_T,aug-cc-pvdz,2.46376568497908e-05,0.00018962027382940505,-0.00016498261697961425
293,1.75,1.0,1.25,CCSD_T,aug-cc-pvdz,-0.00021819258896016436,-7.178830706777717e-05,-0.0001464042818923872
294,1.75,1.0,1.5,CCSD_T,aug-cc-pvdz,-0.0003370686245034449,-0.00021337999352510906,-0.00012368863097833582
295,1.75,1.0,1.75,CCSD_T,aug-cc-pvdz,-0.00035977906958351014,-0.0002595051889215938,-0.00010027388066191634
296,1.75,1.25,0.25,CCSD_T,aug-cc-pvdz,0.00076111915831234,0.0009542581288144447,-0.0001931389705021047
297,1.75,1.25,0.5,CCSD_T,aug-cc-pvdz,0.0005489683174175752,0.0007319021688090288,-0.00018293385139145357
298,1.75,1.25,0.75,CCSD_T,aug-cc-pvdz,0.00027331609808811663,0.00044026089921089806,-0.00016694480112278143
299,1.75,1.25,1.0,CCSD_T,aug-cc-pvdz,9.20109863500329e-06,0.00016140923374052818,-0.0001522081351055249
300,1.75,1.25,1.25,CCSD_T,aug-cc-pvdz,-0.00017944272443060072,-4.349303422657158e-05,-0.00013594969020402914
301,1.75,1.25,1.5,CCSD_T,aug-cc-pvdz,-0.00027195100918220305,-0.0001571242551818841,-0.00011482675400031894
302,1.75,1.25,1.75,CCSD_T,aug-cc-pvdz,-0.00029243121187505494,-0.0001977683249663187,-9.466288690873625e-05
303,1.75,1.5,0.25,CCSD_T,aug-cc-pvdz,0.0005093832584179836,0.0006630054653840034,-0.0001536222069660198
304,1.75,1.5,0.5,CCSD_T,aug-cc-pvdz,0.00034773984251046386,0.0004998895178403018,-0.00015214967532983792
305,1.75,1.5,0.75,CCSD_T,aug-cc-pvdz,0.00014482086712064302,0.00029168743373020334,-0.00014686656660956032
306,1.75,1.5,1.0,CCSD_T,aug-cc-pvdz,-3.980290625804628e-05,9.76822674374489e-05,-0.00013748517369549518
307,1.75,1.5,1.25,CCSD_T,aug-cc-pvdz,-0.00016538058585524595,-4.3112656186394815e-05,-0.00012226792966885114
308,1.75,1.5,1.5,CCSD_T,aug-cc-pvdz,-0.00022501780540551408,-0.000121431413063533,-0.00010358639234198108
309,1.75,1.5,1.75,CCSD_T,aug-cc-pvdz,-0.000237110275975283,-0.0001501182610752494,-8.699201490003361e-05
310,1.75,1.75,0.25,CCSD_T,aug-cc-pvdz,0.00023924829670818326,0.0003686929352113566,-0.00012944463850317334
311,1.75,1.75,0.5,CCSD_T,aug-cc-pvdz,0.00013712805284171736,0.00026851084695067584,-0.00013138279410895848
312,1.75,1.75,0.75,CCSD_T,aug-cc-pvdz,1.3672767551042853e-05,0.0001426069374446115,-0.00012893416989356865
313,1.75,1.75,1.0,CCSD_T,aug-cc-pvdz,-9.282799388188323e-05,2.728679294250469e-05,-0.00012011478682438792
314,1.75,1.75,1.25,CCSD_T,aug-cc-pvdz,-0.0001611804022729757,-5.517930628684553e-05,-0.00010600109598613017
315,1.75,1.75,1.5,CCSD_T,aug-cc-pvdz,-0.00019081653033481416,-0.0001001298796836636,-9.068665065115056e-05
316,1.75,1.75,1.75,CCSD_T,aug-cc-pvdz,-0.00019236044408899033,-0.00011538623927265235,-7.697420481633799e-05
317,1.75,2.0,0.25,CCSD_T,aug-cc-pvdz,2.6147481150928797e-05,0.00013897260369333253,-0.00011282512254240373
318,1.75,2.0,0.5,CCSD_T,aug-cc-pvdz,-2.2821314530574455e-05,8.944031880275816e-05,-0.00011226163333333261
319,1.75,2.0,0.75,CCSD_T,aug-cc-pvdz,-8.034040544657728e-05,2.7600365712032726e-05,-0.00010794077115861
320,1.75,2.0,1.0,CCSD_T,aug-cc-pvdz,-0.0001275688144914966,-2.8347527845085096e-05,-9.92212866464115e-05
321,1.75,2.0,1.25,CCSD_T,aug-cc-pvdz,-0.0001549380003496026,-6.703171173683131e-05,-8.790628861277128e-05
322,1.75,2.0,1.5,CCSD_T,aug-cc-pvdz,-0.00016256476610010395,-8.637838804759213e-05,-7.618637805251183e-05
323,1.75,2.0,1.75,CCSD_T,aug-cc-pvdz,-0.00015483305318753082,-9.028738298866301e-05,-6.454567019886781e-05
324,1.75,2.25,0.25,CCSD_T,aug-cc-pvdz,-9.143081987872392e-05,-6.341671081599998e-07,-9.079665277056392e-05
325,1.75,2.25,0.5,CCSD_T,aug-cc-pvdz,-0.00010776778427157296,-1.9043340813595933e-05,-8.872444345797703e-05
326,1.75,2.25,0.75,CCSD_T,aug-cc-pvdz,-0.00012589496301984582,-4.154772761921777e-05,-8.434723540062805e-05
327,1.75,2.25,1.0,CCSD_T,aug-cc-pvdz,-0.00013855964024855894,-6.078030774858689e-05,-7.777933249997204e-05
328,1.75,2.25,1.25,CCSD_T,aug-cc-pvdz,-0.00014205564099256662,-7.225380034014961e-05,-6.980184065241701e-05
329,1.75,2.25,1.5,CCSD_T,aug-cc-pvdz,-0.00013615982751957745,-7.52886908230721e-05,-6.0871136696505346e-05
330,1.75,2.25,1.75,CCSD_T,aug-cc-pvdz,-0.00012284803892725904,-7.148825750391552e-05,-5.135978142334352e-05
331,1.75,2.5,0.25,CCSD_T,aug-cc-pvdz,-0.00013394462760629722,-6.626422423039457e-05,-6.768040337590264e-05
332,1.75,2.5,0.5,CCSD_T,aug-cc-pvdz,-0.0001353252398530458,-6.927118170096946e-05,-6.605405815207632e-05
333,1.75,2.5,0.75,CCSD_T,aug-cc-pvdz,-0.00013520046951498443,-7.214114145881467e-05,-6.305932805616976e-05
334,1.75,2.5,1.0,CCSD_T,aug-cc-pvdz,-0.00013151315394566154,-7.281503499712016e-05,-5.869811894854138e-05
335,1.75,2.5,1.25,CCSD_T,aug-cc-pvdz,-0.00012340592229520553,-7.031809577995318e-05,-5.3087826515252345e-05
336,1.75,2.5,1.5,CCSD_T,aug-cc-pvdz,-0.00011120066986336496,-6.468124526293195e-05,-4.651942460043301e-05
337,1.75,2.5,1.75,CCSD_T,aug-cc-pvdz,-9.655064141611547e-05,-5.691153850762021e-05,-3.963910290849526e-05
338,1.75,2.75,0.25,CCSD_T,aug-cc-pvdz,-0.00013459084735245597,-8.658127235605662e-05,-4.800957499639935e-05
339,1.75,2.75,0.5,CCSD_T,aug-cc-pvdz,-0.00013066144268236712,-8.357324023222645e-05,-4.708820245014067e-05
340,1.75,2.75,0.75,CCSD_T,aug-cc-pvdz,-0.0001238126049827315,-7.852381304473965e-05,-4.5288791937991846e-05
341,1.75,2.75,1.0,CCSD_T,aug-cc-pvdz,-0.00011421100106190352,-7.167940145791363e-05,-4.253159960398989e-05
342,1.75,2.75,1.25,CCSD_T,aug-cc-pvdz,-0.00010240596989774531,-6.347538207762682e-05,-3.893058782011849e-05
343,1.75,2.75,1.5,CCSD_T,aug-cc-pvdz,-8.930046078603482e-05,-5.448700477472812e-05,-3.48134560113067e-05
344,1.75,2.75,1.75,CCSD_T,aug-cc-pvdz,-7.615692922513517e-05,-4.545521363752414e-05,-3.0701715587611034e-05
345,0.0,0.0,1.5,CCSD_T,aug-cc-pvdz,0.0018474681798466008,0.0020882006130449327,-0.00024073243319833182
346,0.0,0.0,2.0,CCSD_T,aug-cc-pvdz,-0.0011047957800371933,-0.000936139230773847,-0.00016865654926334628
347,0.0,0.0,2.5,CCSD_T,aug-cc-pvdz,-0.0008036983858232816,-0.0006907233833857163,-0.00011297500243756531
348,0.0,0.0,3.0,CCSD_T,aug-cc-pvdz,-0.000408093974925805,-0.0003588258401805433,-4.9268134745261705e-05
349,0.0,0.0,3.5,CCSD_T,aug-cc-pvdz,-0.00020493965089940502,-0.00017425443863317014,-3.0685212266234885e-05
350,0.0,0.0,4.0,CCSD_T,aug-cc-pvdz,-0.000105840248778577,-8.847696503266889e-05,-1.736328374590812e-05
351,0.0,0.0,4.5,CCSD_T,aug-cc-pvdz,-5.793218724647886e-05,-4.8584342962954e-05,-9.347844283524864e-06
352,0.0,0.0,5.0,CCSD_T,aug-cc-pvdz,-3.300285095519939e-05,-2.8812840781711202e-05,-4.19001017348819e-06
353,0.0,0.0,5.5,CCSD_T,aug-cc-pvdz,-2.0133559303303628e-05,-1.8364141297411152e-05,-1.7694180058924758e-06
