Delta_E_AB_AB,BSSE_A,BSSE_B,x,y,z
0.1388893299140932,0.0019602612212281656,0.0019602427844915837,0.25,0.25,1.5
0.049313583936921646,0.0013331866132659798,0.0013332238963670306,0.25,0.25,1.75
0.11056764099251382,0.0018601694270330427,0.0018601890721470227,0.25,0.5,1.5
0.0404350525919881,0.0012299336138994477,0.0012299399659241317,0.25,0.5,1.75
0.07697457432813337,0.001637056456743835,0.0016370781872012685,0.25,0.75,1.5
0.029490479501760092,0.001050683490859683,0.0010507210770924758,0.25,0.75,1.75
0.1129775841392302,0.0019596125211762683,0.0019596006409869915,0.25,1.0,1.25
0.04789832683070472,0.001316926260400919,0.0013169329817372954,0.25,1.0,1.5
0.019519750157783733,0.0008235590662906134,0.0008235738846735785,0.25,1.0,1.75
0.12294811513918091,0.0020405630607172043,0.0020405582839799763,0.25,1.25,1.0
0.06011381259449422,0.0014687706241289789,0.001468788467590798,0.25,1.25,1.25
0.027332221076008523,0.0009639018077791661,0.0009638893161678652,0.25,1.25,1.5
0.012023769223247882,0.0005949402564482398,0.0005948936967996588,0.25,1.25,1.75
0.19409807502357523,0.0025726345539851536,0.0025726326519333043,0.25,1.5,0.25
0.14838634997624922,0.0022688992738011393,0.002268894852548442,0.25,1.5,0.5
0.09783370652246504,0.0018702219787058993,0.0018701636683857714,0.25,1.5,0.75
0.05682158235873658,0.0014304933436335432,0.0014304869582133506,0.25,1.5,1.0
0.02988055441151971,0.0009999743953983398,0.0010000046567739673,0.25,1.5,1.25
0.014707279029863685,0.0006446186018962408,0.0006445878064340604,0.25,1.5,1.5
0.007100665418178664,0.00040839082487309497,0.0004083962386260964,0.25,1.5,1.75
0.0730358548613168,0.0017741656993024435,0.0017741714392229824,0.25,1.75,0.25
0.05814759719082474,0.0015237851248173229,0.001523774659702326,0.25,1.75,0.5
0.040506184276324575,0.001212144805464277,0.0012121542213776593,0.25,1.75,0.75
0.025139767997373497,0.0008961747515314755,0.000896157800752917,0.25,1.75,1.0
0.0142704432173133,0.0006155210624143592,0.0006155130460285818,0.25,1.75,1.25
0.007690062947361298,0.0004066904529054227,0.00040671494541300035,0.25,1.75,1.5
0.004155030871544341,0.0002909804842374797,0.0002909865602305217,0.25,1.75,1.75
0.11056759292040397,0.0018601816292971307,0.001860142764229522,0.5,0.25,1.5
0.040435066775643236,0.0012299514979901005,0.0012299338781218694,0.5,0.25,1.75
0.08875063750063816,0.0017297335513148937,0.0017297349384222116,0.5,0.5,1.5
0.03338581828518272,0.0011217781934362847,0.0011218342555139316,0.5,0.5,1.75
0.15243387065414993,0.0022162850723077554,0.0022162772642246864,0.5,0.75,1.25
0.06253836621492326,0.001497155075895762,0.0014971813781841092,0.5,0.75,1.5
0.02461133066232435,0.0009485371706432488,0.0009485517876015592,0.5,0.75,1.75
0.1942800003316023,0.0024746862868738617,0.0024747333904997504,0.5,1.0,1.0
0.09096520328756696,0.0017840540250375625,0.0017840550519707676,0.5,1.0,1.25
0.039499134595970986,0.0011902271824340005,0.0011902153484157907,0.5,1.0,1.5
0.016516261631650764,0.0007392033925412989,0.0007392027883952323,0.5,1.0,1.75
0.17836656479479984,0.0023857422231543524,0.0023857733437608886,0.5,1.25,0.75
0.09878273374368973,0.0018566575274832076,0.0018566469892533632,0.5,1.25,1.0
0.04931282662086289,0.0013270868115426993,0.0013270928193378495,0.5,1.25,1.25
0.02292435006005178,0.0008648975784524282,0.0008648672170892269,0.5,1.25,1.5
0.010342572890991164,0.0005345353465315839,0.0005345296826959611,0.5,1.25,1.75
0.15313231296114793,0.002368889716237277,0.0023688692637051645,0.5,1.5,0.25
0.11826267412479297,0.002080845359273553,0.002080843152413081,0.5,1.5,0.5
0.07905688856774873,0.0017027383070598034,0.0017026930370462878,0.5,1.5,0.75
0.04667475384529496,0.001290144375076352,0.001290145064260173,0.5,1.5,1.0
0.02499907825877301,0.0008959058328059655,0.0008958856669352144,0.5,1.5,1.25
0.01256513105190038,0.0005772589382644355,0.00057727086014836,0.5,1.5,1.5
0.006224343145134981,0.00037278192257872433,0.0003728002857883439,0.5,1.5,1.75
0.059231731660617015,0.001612347194267727,0.0016122869815973218,0.5,1.75,0.25
0.047562289632708143,0.0013746640011191857,0.001374645026587018,0.5,1.75,0.5
0.033509865736235156,0.0010861222487505984,0.0010860951509954475,0.5,1.75,0.75
0.021090661291310653,0.0007994496004783969,0.0007994478444999231,0.5,1.75,1.0
0.012176825401027713,0.0005498843520541641,0.0005498846206251073,0.5,1.75,1.25
0.0067019098434855096,0.0003700565261084421,0.00037006067692857414,0.5,1.75,1.5
0.0037171267035347455,0.0002749605589684734,0.00027491921221667326,0.5,1.75,1.75
0.07697454644420532,0.0016370697774448217,0.0016370878785778586,0.75,0.25,1.5
0.029490482044337796,0.0010506836212726967,0.0010507235471806098,0.75,0.25,1.75
0.15243370371942433,0.002216281678911969,0.0022162927632081164,0.75,0.5,1.25
0.0625383661639205,0.0014971550760094487,0.0014971813674833356,0.75,0.5,1.5
0.024611304630127506,0.0009485124190575789,0.0009485517694827195,0.75,0.5,1.75
0.10502690829081018,0.0018996157086093035,0.0018996175514303104,0.75,0.75,1.25
0.04488689874987983,0.0012737698367999428,0.0012738040845476917,0.75,0.75,1.5
0.018450673490306713,0.0007945299579574794,0.000794542287422928,0.75,0.75,1.75
0.13244484426537895,0.002105980056029466,0.00210597440094773,0.75,1.0,1.0
0.0643005623885955,0.0015183137581828987,0.001518313209913913,0.75,1.0,1.25
0.029017076764162653,0.0009990077349044668,0.0009989840405353334,0.75,1.0,1.5
0.012657954893157353,0.0006168008329581198,0.0006167737239195503,0.75,1.0,1.75
0.18754006294230408,0.0024736877599735863,0.002473713154799384,0.75,1.25,0.5
0.12185203776667208,0.002049070285693233,0.0020489869257858118,0.75,1.25,0.75
0.06956640366902889,0.0015811189488346145,0.0015811213421699222,0.75,1.25,1.0
0.035896042031609454,0.00111404566247586,0.0011140661642627947,0.75,1.25,1.25
0.017298420490462263,0.0007200605586348274,0.0007200252444476973,0.75,1.25,1.5
0.008141123550416296,0.0004500718556528227,0.00045008782521449575,0.75,1.25,1.75
0.10482598174242241,0.0020598807648326556,0.0020598303556482733,0.75,1.5,0.25
0.082238548376111,0.001791135706781688,0.0017911157641918862,0.75,1.5,0.5
0.05616462746411344,0.0014443770586751725,0.0014443617226618244,0.75,1.5,0.75
0.03402447716636914,0.001079057693601726,0.0010790312791613133,0.75,1.5,1.0
0.018769134001161092,0.0007434362701559394,0.0007433989431007149,0.75,1.5,1.25
0.009767408995614346,0.00048211174541279433,0.0004821414302540461,0.75,1.5,1.5
0.005052379665869466,0.00032565271561679765,0.00032561217915372254,0.75,1.5,1.75
0.04221033811346331,0.0013614073628644974,0.001361376644979373,0.75,1.75,0.25
0.034376204045443615,0.0011475886434055838,0.001147588581375203,0.75,1.75,0.5
0.024667612271713324,0.0008986797438268468,0.0008987061302292432,0.75,1.75,0.75
0.015884055722253265,0.0006589966715182527,0.0006590191244271182,0.75,1.75,1.0
0.009433771428447812,0.00045794147057165446,0.00045794489827244433,0.75,1.75,1.25
0.005380252971093569,0.00032157502030827345,0.000321594409683712,0.75,1.75,1.5
0.0031163415913511017,0.0002540513854398796,0.0002540758966915746,0.75,1.75,1.75
0.11297751296372383,0.001959586586465889,0.0019596196778195463,1.0,0.25,1.25
0.0478982466411253,0.001316926967405152,0.0013169308291480775,1.0,0.25,1.5
0.019519706969163053,0.0008235689514322075,0.0008235188887226741,1.0,0.25,1.75
0.1942799870997476,0.0024747313402997406,0.0024746843240563976,1.0,0.5,1.0
0.09096517453794206,0.0017840545795166918,0.0017840257406476212,1.0,0.5,1.25
0.03949911559224972,0.0011901851005262643,0.0011902327144923674,1.0,0.5,1.5
0.01651626495772973,0.0007392006552322528,0.0007392049745789109,1.0,0.5,1.75
0.13244469783830937,0.0021058486639446983,0.002105949322469769,1.0,0.75,1.0
0.06430056248171923,0.0015183137722516449,0.0015183132068017358,1.0,0.75,1.25
0.029017076789955354,0.0009990077321049284,0.0009989840258413096,1.0,0.75,1.5
0.012657954922744352,0.0006168008466858055,0.0006167737386988392,1.0,0.75,1.75
0.22014867489571088,0.002622735859759473,0.0026227441567669985,1.0,1.0,0.5
0.1415858746608336,0.002176756294730353,0.002176708094737023,1.0,1.0,0.75
0.07987641714811389,0.001687384865320496,0.0016874089230753953,1.0,1.0,1.0
0.04068363167621669,0.0011957863758453868,0.001195807144441119,1.0,1.0,1.25
0.0193279519430547,0.0007750626341618272,0.0007750176627610017,1.0,1.0,1.5
0.008943545010666298,0.0004815188827649308,0.0004815402223954379,1.0,1.0,1.75
0.1417341884471881,0.002304575692065214,0.0023045506416110584,1.0,1.25,0.25
0.1098163673243846,0.0020208883620966844,0.002020881703771238,1.0,1.25,0.5
0.07373674378226269,0.001649043801961625,0.0016490035000913394,1.0,1.25,0.75
0.04376505335825698,0.0012456435057544013,0.0012456415481096883,1.0,1.25,1.0
0.0235816503787305,0.0008633584480435275,0.000863356340005339,1.0,1.25,1.25
0.011935411830862108,0.0005565553673250179,0.0005565525898845181,1.0,1.25,1.5
0.005963610849534007,0.00036225971169301374,0.0003622154608819983,1.0,1.25,1.75
0.06348017560257802,0.0016654263827433624,0.0016653676841968945,1.0,1.5,0.25
0.05082943216753222,0.0014233522990849679,0.001423333137751115,1.0,1.5,0.5
0.03567805785164069,0.0011270013398103629,0.0011269979548700348,1.0,1.5,0.75
0.022351784552910203,0.0008306229157568623,0.0008306235905735093,1.0,1.5,1.0
0.012832120833365934,0.0005708628867040488,0.0005708631027943056,1.0,1.5,1.25
0.007012913608534177,0.0003815964565063723,0.00038161766372013517,1.0,1.5,1.5
0.00385586746362776,0.0002799730530824718,0.0002799444585548372,1.0,1.5,1.75
0.026733160616444707,0.0010557854592576632,0.001055747784448613,1.0,1.75,0.25
0.022218241509705194,0.0008779130707807781,0.0008779132473080153,1.0,1.75,0.5
0.016353398645293282,0.0006828805948799754,0.0006828889779200153,1.0,1.75,0.75
0.01087153233338256,0.0005036156805999781,0.0005036054395617384,1.0,1.75,1.0
0.006721661098680443,0.00036265338641783273,0.0003626707782018457,1.0,1.75,1.25
0.004032078783467341,0.00027510398095387245,0.00027510412320452815,1.0,1.75,1.5
0.00247904848242797,0.00023300246070334651,0.00023300253411662197,1.0,1.75,1.75
0.12294803075988625,0.002040555390095733,0.0020405405838914703,1.25,0.25,1.0
0.06011380567751701,0.0014687833155733188,0.0014687691187447172,1.25,0.25,1.25
0.027332243608682916,0.0009639254516571327,0.0009638879631523878,1.25,0.25,1.5
0.012023734358251659,0.0005948729626652494,0.0005949256308497297,1.25,0.25,1.75
0.17836652916946605,0.002385735871570205,0.002385759086081407,1.25,0.5,0.75
0.09878276869152103,0.001856670860732379,0.0018566556183543526,1.25,0.5,1.0
0.04931278329269162,0.001327068350491345,0.001327068086595773,1.25,0.5,1.25
0.022924211968572195,0.0008648773083024253,0.0008648721274937543,1.25,0.5,1.5
0.01034258292746415,0.0005345065425927942,0.0005345530417741884,1.25,0.5,1.75
0.18754001287859978,0.0024736722405123146,0.002473682617733175,1.25,0.75,0.5
0.12185209932874841,0.0020490641293235967,0.0020490581409831066,1.25,0.75,0.75
0.06956638425175754,0.0015811169861734697,0.0015811042243569773,1.25,0.75,1.0
0.035896060213943315,0.0011140553014570287,0.0011140396573381395,1.25,0.75,1.25
0.017298412985326195,0.0007200372752436124,0.0007200409329755075,1.25,0.75,1.5
0.008141100166369597,0.0004500627777730415,0.00045007277576303295,1.25,0.75,1.75
0.14173419986798308,0.0023045819147142765,0.002304556226803811,1.25,1.0,0.25
0.10981636743078127,0.002020888353939654,0.0020208817228564158,1.25,1.0,0.5
0.07373674382593265,0.0016490438018195164,0.0016490034787324248,1.25,1.0,0.75
0.043765053496869655,0.0012456435051717563,0.0012456415468165005,1.25,1.0,1.0
0.02358165040699589,0.0008633584481145817,0.0008633563395505917,1.25,1.0,1.25
0.011935411861230705,0.0005565553595516803,0.0005565526075343996,1.25,1.0,1.5
0.005963610883199522,0.00036225971463466067,0.00036221546733372634,1.25,1.0,1.75
0.07303582829796085,0.001774160623895682,0.0017741513179601043,1.25,1.25,0.25
0.05814751319094569,0.0015237851344664932,0.0015237831997012563,1.25,1.25,0.5
0.04050614433994326,0.0012121448063737716,0.0012121542158496368,1.25,1.25,0.75
0.025139767956915193,0.0008961747441844636,0.000896157762696248,1.25,1.25,1.0
0.014270443216688022,0.0006155210683402856,0.0006155130486860116,1.25,1.25,1.25
0.007690062980699963,0.0004066904398882798,0.00040671496320499045,1.25,1.25,1.5
0.004155030869142706,0.00029098048710807234,0.00029098655956261155,1.25,1.25,1.75
0.03462982514997748,0.001223579464195268,0.0012235356370098316,1.25,1.5,0.25
0.02844512195817117,0.0010249975804725864,0.0010249907851402895,1.25,1.5,0.5
0.020633981467113927,0.0007996549024227306,0.0007996617270435991,1.25,1.5,0.75
0.013468947404092546,0.0005866845891517869,0.0005867029044566152,1.25,1.5,1.0
0.008137440426395415,0.00041263545594460993,0.0004126180020875836,1.25,1.5,1.25
0.004742061794971164,0.00029900158807549815,0.0002990138603848891,1.25,1.5,1.5
0.0028183989460615066,0.0002441680811386959,0.0002441774787769191,1.25,1.5,1.75
0.015167859643639758,0.0007466594436493779,0.0007466090173409157,1.25,1.75,0.25
0.01298152859153845,0.0006142440861509613,0.0006142468403425028,1.25,1.75,0.5
0.009889415201655538,0.0004809642182266316,0.0004809833271934849,1.25,1.75,0.75
0.006860985736224734,0.00036767729764619617,0.0003676720704532954,1.25,1.75,1.0
0.004475407618713234,0.0002867394005221513,0.0002867511809796497,1.25,1.75,1.25
0.002866527542423114,0.00023957038695243682,0.0002395810704882706,1.25,1.75,1.5
0.0018980636539964735,0.00021262848210312768,0.0002125995295472194,1.25,1.75,1.75
0.19409813377441765,0.0025726596113173628,0.0025726521096061106,1.5,0.25,0.25
0.14838628322971203,0.002268900987132838,0.0022688935166570445,1.5,0.25,0.5
0.09783366964722973,0.0018701574949346877,0.0018701942430965346,1.5,0.25,0.75
0.05682159039504597,0.0014304933312985213,0.0014304846547048555,1.5,0.25,1.0
0.029880526935059493,0.0009999745001891824,0.000999977336434199,1.5,0.25,1.25
0.014707416296047882,0.0006446185978887797,0.0006446016757024609,1.5,0.25,1.5
0.007100662763050991,0.0004083840513828818,0.0004083921173929639,1.5,0.25,1.75
0.15313234386127306,0.0023689021357000684,0.002368897668461045,1.5,0.5,0.25
0.11826266255451401,0.002080844015253547,0.0020808442362607593,1.5,0.5,0.5
0.07905690360841788,0.001702722450616534,0.0017027445547057596,1.5,0.5,0.75
0.0466747403765595,0.0012901443775916732,0.0012901346082401233,1.5,0.5,1.0
0.024999100891008652,0.000895907016982278,0.0008959070258072188,1.5,0.5,1.25
0.012565058474891089,0.000577272838143017,0.0005772761880535882,1.5,0.5,1.5
0.00622442771258136,0.0003728236060709378,0.00037284350767663454,1.5,0.5,1.75
0.10482608585635944,0.002059910530206821,0.0020599036266588655,1.5,0.75,0.25
0.08223854908325734,0.001791135997677884,0.0017911157569301395,1.5,0.75,0.5
0.05616463391957893,0.0014443662120839917,0.001444380474765694,1.5,0.75,0.75
0.034024489444760775,0.0010790600276777695,0.0010790417719306333,1.5,0.75,1.0
0.01876914041194766,0.0007434378167374689,0.000743403432736045,1.5,0.75,1.25
0.00976739688996986,0.0004821259040568293,0.0004821152542433538,1.5,0.75,1.5
0.005052368057576473,0.0003256510305931215,0.00032560322145513965,1.5,0.75,1.75
0.06348026181012756,0.0016654296717462103,0.0016654455533426926,1.5,1.0,0.25
0.050829398587609376,0.0014233155025920041,0.0014233318343315204,1.5,1.0,0.5
0.0356780636144407,0.00112700130351584,0.0011269972532659267,1.5,1.0,0.75
0.022351528562552403,0.0008306229321135561,0.0008306258450829773,1.5,1.0,1.0
0.01283208992960283,0.0005708628775238367,0.0005708307783436339,1.5,1.0,1.25
0.007012913781792918,0.00038159645693269795,0.00038161764402389053,1.5,1.0,1.5
0.0038558674826418837,0.00027997307044813624,0.00027994446233492454,1.5,1.0,1.75
0.034629828324895584,0.0012235793501105263,0.0012235372930149424,1.5,1.25,0.25
0.028445122033559755,0.0010249975791509769,0.0010249907887498466,1.5,1.25,0.5
0.020633981532711232,0.0007996548748110399,0.0007996617271999185,1.5,1.25,0.75
0.013468947479367444,0.0005866845693134337,0.0005867028943242758,1.5,1.25,1.0
0.00813744047670184,0.0004126354715197067,0.00041261800166125795,1.5,1.25,1.25
0.004742061744877901,0.0002990015882460284,0.0002990138567042777,1.5,1.25,1.5
0.0028183989949610577,0.00024416808096816567,0.00024417747009408686,1.5,1.25,1.75
0.017179583471701676,0.0008071792991017901,0.0008071279640802231,1.5,1.5,0.25
0.014600860663435355,0.000664970918322183,0.0006649260421056624,1.5,1.5,0.5
0.011034751042956259,0.0005188704711116543,0.0005188812132672638,1.5,1.5,0.75
0.007581346238595188,0.00039225196249503824,0.0003922427153781882,1.5,1.5,1.0
0.0048858746019817545,0.0002999049942786769,0.00029993638493408525,1.5,1.5,1.25
0.0030840597816563786,0.0002458675040770686,0.0002458609248492394,1.5,1.5,1.5
0.002009316905088099,0.0002168492028857827,0.00021682935663136504,1.5,1.5,1.75
0.007684509260556638,0.000493353562561083,0.0004933066103376404,1.5,1.75,0.25
0.006888442293373487,0.0004089501757249536,0.00040892410621040653,1.5,1.75,0.5
0.0055107543543755355,0.00033425063632819274,0.00033425664611286265,1.5,1.75,0.75
0.004048576704391849,0.00027744627155357193,0.0002774306695556561,1.5,1.75,1.0
0.0028291581854062997,0.00023931628373929925,0.00023932622166000783,1.5,1.75,1.25
0.0019637387851503263,0.00021321377622030013,0.0002132419072893299,1.5,1.75,1.5
0.001417176184261848,0.00019030819257181975,0.00019030621352555954,1.5,1.75,1.75
0.07303589263486288,0.0017741825619879137,0.0017741807932480924,1.75,0.25,0.25
0.05814747692276967,0.0015237771929434984,0.0015237571492292545,1.75,0.25,0.5
0.040506161023799336,0.001212138692693543,0.0012121321810099062,1.75,0.25,0.75
0.025139723723796692,0.0008961224400820811,0.0008961385685353207,1.75,0.25,1.0
0.014270454319529335,0.0006155361279809313,0.0006155094691848717,1.75,0.25,1.25
0.007690056028252457,0.0004066924853418641,0.00040671526696201,1.75,0.25,1.5
0.004155010332013376,0.00029098360396062617,0.0002909814095062302,1.75,0.25,1.75
0.059231792089505575,0.0016123509196575014,0.001612366153509015,1.75,0.5,0.25
0.047562277349129545,0.001374658760809666,0.0013746459325005844,1.75,0.5,0.5
0.03350987732919464,0.0010861212382593521,0.0010861111295525916,1.75,0.5,0.75
0.02109068182855367,0.0007994362982657321,0.0007994514528348873,1.75,0.5,1.0
0.012176853742957405,0.0005499133422404157,0.0005498833169639283,1.75,0.5,1.25
0.006701907581017963,0.00037005457352279336,0.00037006071620737657,1.75,0.5,1.5
0.0037170969681454835,0.00027491449846195337,0.00027493554603097436,1.75,0.5,1.75
0.04221040150108024,0.0013614052933093035,0.0013614123852931925,1.75,0.75,0.25
0.03437616892109929,0.0011475953912736259,0.0011475580918585138,1.75,0.75,0.5
0.02466734642764834,0.00089866764982105,0.0008986891222093618,1.75,0.75,0.75
0.01588403864468546,0.0006589979043667427,0.0006590117475866464,1.75,0.75,1.0
0.009433796431110864,0.00045797133546443547,0.00045793953678696653,1.75,0.75,1.25
0.005380259344889282,0.00032158936224391255,0.0003215634825721736,1.75,0.75,1.5
0.003116369906365435,0.00025407770114327377,0.00025407729607707097,1.75,0.75,1.75
0.026733201808156082,0.001055786178014273,0.001055786917575574,1.75,1.0,0.25
0.022218299793095753,0.0008779183142024749,0.0008779437171710924,1.75,1.0,0.5
0.01635325040095381,0.0006828775288454381,0.0006828903881057613,1.75,1.0,0.75
0.010871488205225432,0.0005035925323682022,0.0005036051884701465,1.75,1.0,1.0
0.006721647835320255,0.00036264187235701684,0.00036264552429088326,1.75,1.0,1.25
0.004032056506090953,0.00027511971225635534,0.00027507444242758083,1.75,1.0,1.5
0.002479086246083284,0.00023300471316645144,0.00023303639974869839,1.75,1.0,1.75
0.015167910098412563,0.0007466588938456198,0.000746659626059909,1.75,1.25,0.25
0.012981678221166248,0.000614244050964885,0.0006142468355818664,1.75,1.25,0.5
0.009889396410216023,0.0004809642099985467,0.00048098332655399645,1.75,1.25,0.75
0.006860985731236724,0.000367677314585535,0.0003676720705811931,1.75,1.25,1.0
0.004475407662781095,0.0002867394092760378,0.00028675121930632486,1.75,1.25,1.25
0.0028665275648478428,0.00023957038716559964,0.0002395810824111777,1.75,1.25,1.5
0.0018980636892678149,0.00021262848198944084,0.00021259951940066912,1.75,1.25,1.75
0.007684511275300565,0.0004933543100662519,0.0004933079346471914,1.75,1.5,0.25
0.006888478830887834,0.00040895020421771733,0.00040896061432249553,1.75,1.5,0.5
0.005510754331154999,0.00033425065173275925,0.0003342566582773543,1.75,1.5,0.75
0.004048576666761505,0.0002774462608954309,0.0002774306481256872,1.75,1.5,1.0
0.0028291581937338606,0.0002393162951506156,0.00023932622750066912,1.75,1.5,1.25
0.0019637387911757287,0.0002132137812509427,0.00021324192039173795,1.75,1.5,1.5
0.0014171761158223717,0.00019030817863097127,0.0001903062111523468,1.75,1.5,1.75
0.0033573882878670247,0.00033773937428804857,0.0003377336869050396,1.75,1.75,0.25
0.0032768680125343508,0.00029155316906326334,0.00029152216208672144,1.75,1.75,0.5
0.002828137540078046,0.00025614836425802423,0.0002561390702879862,1.75,1.75,0.75
0.002249085773186721,0.0002303494252089422,0.00023034663736609673,1.75,1.75,1.0
0.0017164058412362238,0.00020922858071514838,0.0002092045916413099,1.75,1.75,1.25
0.0013118665069100643,0.00018760544610074703,0.00018761281744161806,1.75,1.75,1.5
0.0010425900253920872,0.00016520835875155626,0.00016520784956242096,1.75,1.75,1.75
