Total_energy_Delta_E_AB_AB,Total_energy_BSSE_A,Total_energy_BSSE_B,MP2_correlation_energy_Delta_E_AB_AB,MP2_correlation_energy_BSSE_A,MP2_correlation_energy_BSSE_B,(T)_correlation_energy_Delta_E_AB_AB,(T)_correlation_energy_BSSE_A,(T)_correlation_energy_BSSE_B,CCSD corr.energy_Delta_E_AB_AB,CCSD corr.energy_BSSE_A,CCSD corr.energy_BSSE_B,SCF_energy_Delta_E_AB_AB,SCF_energy_BSSE_A,SCF_energy_BSSE_B,x,y,z
"(0.06396379374527328,)","(0.0017988143366949316,)","(0.0019491598515628539,)","(-0.0064819060189429956,)","(0.0011973448350680038,)","(0.0012993960996269815,)","(-0.0010690434808490008,)","(0.00016876027035799945,)","(0.00018122851254299965,)","(0.0006636988930009691,)","(-8.486669162302563e-05,)","(-8.67711882879818e-05,)","(0.07085104435302014,)","(0.0005175759229985033,)","(0.000555306427997948,)",0.25,1.0,1.75
"(0.0393083411535855,)","(0.0014529614374509947,)","(0.0015570790984753557,)","(-0.005641836837662034,)","(0.0009467822740389931,)","(0.001018465541458985,)","(-0.0009403476085590003,)","(0.00013973229250400024,)","(0.0001494430496519995,)","(0.0006284222250140525,)","(-6.686511601400325e-05,)","(-6.764674014700378e-05,)","(0.04526210337400016,)","(0.00043331198699547713,)","(0.00045681724699875303,)",0.25,1.25,1.75
"(0.04459500658991544,)","(0.0015739435567638793,)","(0.001750790400407709,)","(-0.007332281392970014,)","(0.0010400798982299897,)","(0.001195238366007989,)","(-0.001135045826001999,)","(0.00014872242744499997,)","(0.00016635236043200004,)","(0.0011985776773719703,)","(-7.696578908300555e-05,)","(-8.727098214000861e-05,)","(0.051863756130998695,)","(0.0004621070199988253,)","(0.0004764706559967635,)",0.25,1.5,1.5
"(0.022116362809384782,)","(0.00112859909741303,)","(0.0011875615648335724,)","(-0.004802055296488972,)","(0.0007166960501099884,)","(0.0007604806985559986,)","(-0.0008065541934550004,)","(0.00011160152989399957,)","(0.00011779908193899988,)","(0.0005579968723019579,)","(-4.984279930800306e-05,)","(-4.9978913377018985e-05,)","(0.027166975428002615,)","(0.00035014431699664783,)","(0.00035926069799074867,)",0.25,1.5,1.75
"(0.08984370503813466,)","(0.002220029893976516,)","(0.0024831465044883316,)","(-0.012242109724466987,)","(0.0014755532251019832,)","(0.0017599648049919925,)","(-0.0017313813957489993,)","(0.00018780034806399962,)","(0.000217274563015,)","(0.0028247171694779916,)","(-0.00010786222823799818,)","(-0.0001303240070009981,)","(0.10099247898800456,)","(0.0006645385489889577,)","(0.0006362311429910505,)",0.25,1.75,1.0
"(0.04688786728046068,)","(0.0016355123714646425,)","(0.0018202197245784646,)","(-0.008568904455032,)","(0.0010597326337799806,)","(0.001253845211289989,)","(-0.0012838480645509997,)","(0.0001495746961579997,)","(0.00017077726630699945,)","(0.0016439282662560062,)","(-7.921293604398749e-05,)","(-9.639751926499018e-05,)","(0.05509669153398988,)","(0.0005054179779904189,)","(0.0004919947659942636,)",0.25,1.75,1.25
"(0.023532480059017757,)","(0.0011872207068392981,)","(0.0012762990572667832,)","(-0.00583371346025896,)","(0.0007552536305659996,)","(0.0008344054174480031,)","(-0.0009304351815800005,)","(0.00011627556229899978,)","(0.00012614155292699995,)","(0.0008878491343469463,)","(-5.459587772801977e-05,)","(-5.96168921560003e-05,)","(0.029408779567006604,)","(0.00037028739198774474,)","(0.00037536897899315136,)",0.25,1.75,1.5
"(0.011533922662437135,)","(0.0008808799984336702,)","(0.0008961356903824935,)","(-0.003969881057470009,)","(0.0005442121272109801,)","(0.0005623182645489999,)","(-0.0006702314593249993,)","(8.912917819599991e-05,)","(9.15211281140001e-05,)","(0.00045812462662503384,)","(-3.632854143098552e-05,)","(-3.6229152934996733e-05,)","(0.01571591055299848,)","(0.0002838672339890991,)","(0.00027852545099449344,)",0.25,1.75,1.75
"(0.06705734475528402,)","(0.0018475755301778918,)","(0.0022866635248419698,)","(-0.008138556776236983,)","(0.0012352355244709956,)","(0.001605780054207001,)","(-0.001242376643047,)","(0.00016900030565300019,)","(0.00020920905887000015,)","(0.0014032880913149859,)","(-9.128009124001468e-05,)","(-0.00011333843450900272,)","(0.07503499008301162,)","(0.0005346197909972261,)","(0.0005850128459883308,)",0.5,1.25,1.5
"(0.0332731681428271,)","(0.0013400135609913377,)","(0.0015224298987419616,)","(-0.005205311857957973,)","(0.000861076904242003,)","(0.0009863811282229962,)","(-0.0008805292096359992,)","(0.00012960917981699998,)","(0.000146296627569,)","(0.0005936598260479764,)","(-6.131747643400853e-05,)","(-6.25326758210143e-05,)","(0.03876534938399345,)","(0.00041064495299281134,)","(0.0004522848189907336,)",0.5,1.25,1.75
"(0.07283468374153301,)","(0.0019505813805835714,)","(0.0025158385586934173,)","(-0.009796395783366996,)","(0.0012981074272570003,)","(0.0018273143134189818,)","(-0.001422666769264,)","(0.0001731203932869999,)","(0.00022684566436100007,)","(0.002131444488936013,)","(-9.773456527401025e-05,)","(-0.00012969431446299695,)","(0.08192230180499394,)","(0.0005770881249986815,)","(0.000591372894987785,)",0.5,1.5,1.25
"(0.0372043095252792,)","(0.0014465001505215014,)","(0.001753377692665481,)","(-0.006622320815315996,)","(0.0009355045038859922,)","(0.0011955588126709993,)","(-0.0010424747560250002,)","(0.0001358415503949998,)","(0.00016576601517999997,)","(0.0011018606867140013,)","(-6.86241897999984e-05,)","(-8.523522765502278e-05,)","(0.04376724440899693,)","(0.00044377828599806435,)","(0.00047728809200009437,)",0.5,1.5,1.5
"(0.01852968699712676,)","(0.001064165177311338,)","(0.0011668090779437534,)","(-0.004427547170749002,)","(0.0006633696003499889,)","(0.0007417738283369835,)","(-0.0007534896568420005,)","(0.00010497876609799964,)","(0.00011572684157800002,)","(0.0005233035125609686,)","(-4.5732384861996156e-05,)","(-4.628252422700374e-05,)","(0.023187420311984397,)","(0.0003415491959941619,)","(0.0003555909319885586,)",0.5,1.5,1.75
"(0.07313024850044769,)","(0.0020294916450751543,)","(0.0025185560120064565,)","(-0.010349208505887969,)","(0.0013091734956389989,)","(0.0017944732121950024,)","(-0.0014936278599700006,)","(0.0001711326911659995,)","(0.0002220510733019999,)","(0.002426536765676973,)","(-9.135537617602218e-05,)","(-0.0001244414092440027,)","(0.08254654809999806,)","(0.0006405408339986707,)","(0.0006264731359948428,)",0.5,1.75,1.0
"(0.03851774428200372,)","(0.00150343466388847,)","(0.0018394893164668247,)","(-0.0075481452795210235,)","(0.000958196303135983,)","(0.001282015993051,)","(-0.0011502494856940005,)","(0.00013747248959000008,)","(0.00017320243114099954,)","(0.0014659666198510446,)","(-6.926079941499408e-05,)","(-9.612635395700453e-05,)","(0.045750172428000724,)","(0.00047702667099258633,)","(0.0004803972459939132,)",0.5,1.75,1.25
"(0.01936788512733756,)","(0.001120863674799466,)","(0.0012749863797978378,)","(-0.005280556628342009,)","(0.0007054811172730047,)","(0.0008367454105759897,)","(-0.0008544104844800003,)","(0.00010928890107299999,)","(0.00012571761225099991,)","(0.0008131637130400216,)","(-4.976143870100147e-05,)","(-5.7849429913992e-05,)","(0.024689688526990494,)","(0.0003558550949946948,)","(0.0003703727869890372,)",0.5,1.75,1.5
"(0.009468279037108118,)","(0.0008528282058648529,)","(0.0008801407518177484,)","(-0.003662560656319036,)","(0.0005189762083759875,)","(0.0005526146986419844,)","(-0.0006251874354979998,)","(8.592853268600022e-05,)","(9.008790388199961e-05,)","(0.00042717074885603723,)","(-3.353790235599563e-05,)","(-3.403623320000215e-05,)","(0.013328856379004606,)","(0.0002814613669954724,)","(0.00027147438198937834,)",0.5,1.75,1.75
"(0.06118690289811468,)","(0.0016735207497475812,)","(0.002041708556987487,)","(-0.005789321821525001,)","(0.001122795432468987,)","(0.0013410810876129942,)","(-0.0009920376644309992,)","(0.00016159084333899985,)","(0.0001858294446870001,)","(0.0005288865215359873,)","(-8.215528934998884e-05,)","(-8.272740543199819e-05,)","(0.06743937586200843,)","(0.0004712897629985946,)","(0.0005975254299954713,)",0.75,0.75,1.75
"(0.041413134530856155,)","(0.0014385710527449191,)","(0.0017518885753560198,)","(-0.0051977802284619845,)","(0.0009370456407220007,)","(0.001134928473398994,)","(-0.0008967893551350007,)","(0.00014009052370600027,)","(0.0001645084253319995,)","(0.0005488788563769442,)","(-6.72925039100214e-05,)","(-6.860774124800573e-05,)","(0.046958825257988224,)","(0.0004287273919914014,)","(0.0005210594179914096,)",0.75,1.0,1.75
"(0.05007738970300579,)","(0.0016355719677108027,)","(0.0021475472149745656,)","(-0.006886074557251015,)","(0.0010663441864629808,)","(0.0014827369897389975,)","(-0.001085910647287999,)","(0.00015036194884299973,)","(0.00019661936267000024,)","(0.0012028408179650396,)","(-7.79945857459774e-05,)","(-0.00010100173341201502,)","(0.0568465340889901,)","(0.0004968604179964586,)","(0.0005691925959894206,)",0.75,1.25,1.5
"(0.025130512733895216,)","(0.001195702554809941,)","(0.0014189240860531527,)","(-0.004548350526244999,)","(0.0007517887394439815,)","(0.0009044139436159837,)","(-0.0007889206255489991,)","(0.00011738439800000004,)","(0.00013733349708900007,)","(0.0005248909394000023,)","(-5.216057005799635e-05,)","(-5.3803735499985406e-05,)","(0.029942892946010602,)","(0.00037868998698797895,)","(0.00043098038099742553,)",0.75,1.25,1.75
"(0.05332694121157999,)","(0.0017189640292940567,)","(0.002387279903771855,)","(-0.00800047507309301,)","(0.0011177851183379883,)","(0.0017107956961960047,)","(-0.0012017704865630004,)","(0.00015302613849499987,)","(0.00021474446126200017,)","(0.0017703847459690225,)","(-8.221324921400819e-05,)","(-0.00011847125428801619,)","(0.060758802025986824,)","(0.0005303660219908579,)","(0.0005802110009938133,)",0.75,1.5,1.25
"(0.02740324536030414,)","(0.0013065085351797734,)","(0.0016584122727891781,)","(-0.005629703191110003,)","(0.000825415028339993,)","(0.0011130616117019931,)","(-0.0009124115477709997,)","(0.0001227186426229999,)","(0.0001566836584509998,)","(0.0009475556263019991,)","(-5.855538679500061e-05,)","(-7.583205755601341e-05,)","(0.03299780447299838,)","(0.00041693025099220904,)","(0.0004644990599871335,)",0.75,1.5,1.5
"(0.013678041548544684,)","(0.000973284454104828,)","(0.0011006151008530196,)","(-0.0038750572157470187,)","(0.0005941701639289865,)","(0.0006929525763819944,)","(-0.0006739843477219995,)","(9.682292550699991e-05,)","(0.00010991711670299987,)","(0.00046253545203103763,)","(-3.9189409201001446e-05,)","(-4.0576314252999124e-05,)","(0.017764547659993468,)","(0.0003214807739908565,)","(0.00033832172199765864,)",0.75,1.5,1.75
"(0.0917963407212028,)","(0.0023339183949246944,)","(0.003079273551577444,)","(-0.009960455942381985,)","(0.0015193280074080051,)","(0.002152463190149001,)","(-0.0014362581842069996,)","(0.00018743557734000015,)","(0.00025408198948799997,)","(0.002799325529599994,)","(-9.837740893300917e-05,)","(-0.0001078088382250042,)","(0.10039372931800017,)","(0.0007255322189934077,)","(0.0007805372099909391,)",0.75,1.75,0.75
"(0.052243619890305126,)","(0.0017682529344682507,)","(0.0023957612334442047,)","(-0.008201287831221982,)","(0.0011447605899049806,)","(0.0016965772768749998,)","(-0.0012221588653610008,)","(0.00015385483516699994,)","(0.0002128471327619997,)","(0.001961266592961003,)","(-7.886799851899995e-05,)","(-0.00011112614295100132,)","(0.05970579999399206,)","(0.0005485055079930135,)","(0.0005974629669935894,)",0.75,1.75,1.0
"(0.027660409221809346,)","(0.0013477672895021442,)","(0.0017543109304227755,)","(-0.0062345942477730065,)","(0.0008612968806489818,)","(0.0012132717270049997,)","(-0.0009781700005499997,)","(0.00012551058727399995,)","(0.0001654279761929998,)","(0.0012262404626609824,)","(-5.982813883498306e-05,)","(-8.733002889901864e-05,)","(0.03364693300699173,)","(0.00042078795999600516,)","(0.00046294125598933533,)",0.75,1.75,1.25
"(0.013846820097924706,)","(0.0010396846223841294,)","(0.0012171965496037274,)","(-0.004512530481510013,)","(0.0006476306140429933,)","(0.0007909819468659984,)","(-0.0007480568354790006,)","(0.00010161586080499954,)","(0.00011995543327199959,)","(0.000700868925431003,)","(-4.307633279199141e-05,)","(-5.1585821182004166e-05,)","(0.01840653848999807,)","(0.0003335144799905265,)","(0.0003578449910008885,)",0.75,1.75,1.5
"(0.006669624422613651,)","(0.0008001096925625006,)","(0.0008395226232948971,)","(-0.003213923401437002,)","(0.0004834275560720025,)","(0.0005277156044399822,)","(-0.0005585358784510009,)","(8.146910857100009e-05,)","(8.664692075799948e-05,)","(0.00037723854335600104,)","(-2.9386188661023604e-05,)","(-3.091876006700023e-05,)","(0.010064845158993307,)","(0.0002645992169902911,)","(0.0002560788579870632,)",0.75,1.75,1.75
"(0.06567408062531399,)","(0.0016351715335218842,)","(0.0019731472698509833,)","(-0.005227502243400017,)","(0.0011310121311499943,)","(0.0012899194351219945,)","(-0.0009303696845800007,)","(0.00016303803138799974,)","(0.0001748211711439995,)","(0.00025361727462006045,)","(-8.241694090999063e-05,)","(-7.614674261000043e-05,)","(0.07157833527899982,)","(0.00042353831199193337,)","(0.0005845534060000546,)",1.0,0.25,1.75
"(0.055637635157992804,)","(0.0015432658320975179,)","(0.0019166370437346814,)","(-0.005037341465181977,)","(0.0010481680834329987,)","(0.0012418445697089942,)","(-0.0008985861674070004,)","(0.000153765383893,)","(0.00017316317157499948,)","(0.00032685427534298594,)","(-7.679901902099551e-05,)","(-7.297563620500824e-05,)","(0.061246708515994897,)","(0.00041813138399504624,)","(0.0005746049389898644,)",1.0,0.5,1.75
"(0.04205448117120625,)","(0.001391594785289385,)","(0.001770209234422282,)","(-0.0047165978285680366,)","(0.0009210326746619812,)","(0.001133080253177987,)","(-0.0008435468187020009,)","(0.00013925311358199948,)","(0.0001641172922039998,)","(0.00039884573516404953,)","(-6.662604849999587e-05,)","(-6.514737382698477e-05,)","(0.04721578008400229,)","(0.00039793504599572316,)","(0.0005381590629980337,)",1.0,0.75,1.75
"(0.0558493715899715,)","(0.0016770213527763644,)","(0.0022907120439867867,)","(-0.006541159985892997,)","(0.0011125515763789895,)","(0.0015718164296749937,)","(-0.0010547182533630003,)","(0.0001575884373689997,)","(0.00020755104310499987,)","(0.0010980109170130037,)","(-8.125814864801129e-05,)","(-9.955218203799854e-05,)","(0.06234723891199678,)","(0.00048813948799875106,)","(0.0006108967529883103,)",1.0,1.0,1.5
"(0.028262220292674556,)","(0.0012077895223967516,)","(0.0015377211139480096,)","(-0.004283004304269977,)","(0.0007731522005000047,)","(0.0009722278620249991,)","(-0.0007677390716499992,)","(0.00012159584416699971,)","(0.00014672740417500003,)","(0.00043555810115097904,)","(-5.394282167300868e-05,)","(-5.443678295100063e-05,)","(0.03287740556700669,)","(0.000366984298992179,)","(0.0004732026309994808,)",1.0,1.0,1.75
"(0.0634613685294596,)","(0.001843227452013707,)","(0.0026741418409983453,)","(-0.007791421677000976,)","(0.0012086463216730015,)","(0.0019107156998879882,)","(-0.0011818695485040004,)","(0.00016249541910500018,)","(0.00023486258115099946,)","(0.0018313654078899733,)","(-8.848284463500167e-05,)","(-0.00011941312034299822,)","(0.07060329434700918,)","(0.0005605685559970652,)","(0.0006479766799998288,)",1.0,1.25,1.25
"(0.03316192854939004,)","(0.0014003994154165866,)","(0.0018993822515085412,)","(-0.005507701020905004,)","(0.0008899763424430052,)","(0.0012761632005829915,)","(-0.0009097503227210001,)","(0.0001314655443349997,)","(0.00017604103820499997,)","(0.0009443588663019808,)","(-6.253856683702264e-05,)","(-8.159981746899692e-05,)","(0.03863502102601046,)","(0.00044149609499299913,)","(0.0005287778299987167,)",1.0,1.25,1.5
"(0.016789723923579913,)","(0.0010208779472691276,)","(0.001263519396616175,)","(-0.0037737497944229648,)","(0.0006313404238039999,)","(0.0007919914652760041,)","(-0.0006770062194320003,)","(0.00010329687863199974,)","(0.00012429632858099952,)","(0.000426891715660932,)","(-4.17893185760132e-05,)","(-4.358072298701887e-05,)","(0.02081358822201196,)","(0.00032802996300063114,)","(0.0003908123259890317,)",1.0,1.25,1.75
"(0.06332236898695953,)","(0.0019026106153035016,)","(0.002828872871404542,)","(-0.007936856868496045,)","(0.0012455444704299878,)","(0.002013251026930979,)","(-0.0011822986244499996,)","(0.00016252441387199987,)","(0.00024204430651799964,)","(0.0022057187946700474,)","(-9.022603705099996e-05,)","(-0.0001079054309619798,)","(0.07023580568500165,)","(0.0005847677679895469,)","(0.0006814829690000579,)",1.0,1.5,1.0
"(0.03429622624311435,)","(0.0014818534522902382,)","(0.0021137640790698242,)","(-0.006224271539509996,)","(0.0009468350079799848,)","(0.001477832188089001,)","(-0.0009821938341800004,)","(0.00013366263451099984,)","(0.00019187243347199966,)","(0.001372861282954968,)","(-6.631938347800848e-05,)","(-0.00010004530643700771,)","(0.04012983033398143,)","(0.0004676751929935108,)","(0.0005441047639891394,)",1.0,1.5,1.25
"(0.01760107158392543,)","(0.001142164527337286,)","(0.0014807287554248205,)","(-0.004547748228954013,)","(0.0007071780680379947,)","(0.0009698258093299994,)","(-0.0007673130234510011,)","(0.00010904703933099953,)","(0.0001416727588569996,)","(0.0007565591666330307,)","(-4.7030364956013315e-05,)","(-6.07692846240071e-05,)","(0.022159573669981114,)","(0.0003729697849905733,)","(0.0004299994719900724,)",1.0,1.5,1.5
"(0.008695869393704925,)","(0.0008524305605419613,)","(0.000998174685463482,)","(-0.003231872254079976,)","(0.0005183330429660016,)","(0.0006257061086169802,)","(-0.0005785040146840011,)","(8.734485819199972e-05,)","(0.00010143445507899973,)","(0.0003811516505419499,)","(-3.2216722420014277e-05,)","(-3.4307921442988665e-05,)","(0.012125094012006343,)","(0.00027896938199489796,)","(0.0003053420429921516,)",1.0,1.5,1.75
"(0.12031565600916849,)","(0.0026689899056577815,)","(0.003569399113970917,)","(-0.008703063815453993,)","(0.0017357621051810046,)","(0.0024696507861989847,)","(-0.001285415013851,)","(0.00019452272240100005,)","(0.0002644782932699997,)","(0.0031769050062019633,)","(-0.0001093994817790156,)","(-9.439415081000102e-05,)","(0.12712722983199853,)","(0.0008481045599921799,)","(0.0009296641849942944,)",1.0,1.75,0.25
"(0.08897504503438824,)","(0.002325502147897396,)","(0.003224342845712158,)","(-0.008241324300542002,)","(0.0015335220116790005,)","(0.002213035279691994,)","(-0.001220127171761001,)","(0.00018187031641499988,)","(0.0002524666212679995,)","(0.0027195237010879947,)","(-0.00010008430292102188,)","(-8.405614789600002e-05,)","(0.09571697280600233,)","(0.0007101941229876729,)","(0.0008428970929941215,)",1.0,1.75,0.5
"(0.05684476416247719,)","(0.0018723886588247751,)","(0.002701653964876982,)","(-0.007444168478404012,)","(0.0012487737942999955,)","(0.0018627980960470025,)","(-0.0011198767897119995,)","(0.00015958766074799981,)","(0.0002261226163890002,)","(0.0021296483613670314,)","(-8.476679555799449e-05,)","(-9.117741527200907e-05,)","(0.06327916106899067,)","(0.0005487939989876622,)","(0.0007039106679940232,)",1.0,1.75,0.75
"(0.032572998942185905,)","(0.0014822979181303708,)","(0.0021293543024683004,)","(-0.006263702222683992,)","(0.0009775772536169958,)","(0.001479794755481989,)","(-0.0009766240696829995,)","(0.0001350117216490001,)","(0.00019113011402599987,)","(0.001508696064982995,)","(-6.608204099900483e-05,)","(-9.541464599799321e-05,)","(0.03830462917001398,)","(0.0004357909839995955,)","(0.0005538440789933929,)",1.0,1.75,1.0
"(0.01710476182014986,)","(0.0011814219002985737,)","(0.0015735557633433928,)","(-0.004913468647761959,)","(0.0007576639530129936,)","(0.0010610259557100044,)","(-0.0008031352422090002,)","(0.00011248111130899956,)","(0.00014945338478399971,)","(0.0009650467586689582,)","(-4.923353304800426e-05,)","(-7.134511645801034e-05,)","(0.021856318950995046,)","(0.0003605103689920952,)","(0.0004344215389977535,)",1.0,1.75,1.25
"(0.00833006159329841,)","(0.0009311845912662875,)","(0.0011090624816745276,)","(-0.0036774278120500214,)","(0.0005792061032789952,)","(0.0007082321666289915,)","(-0.0006298934237609997,)","(9.276722984200014e-05,)","(0.00011024659179000029,)","(0.0005666874101160346,)","(-3.559175252099145e-05,)","(-4.235152277701215e-05,)","(0.012070695418998412,)","(0.0002948030109877209,)","(0.0003329352459928714,)",1.0,1.75,1.5
"(0.003795417074542229,)","(0.0007201958805751474,)","(0.0007761870400315729,)","(-0.002695017689623991,)","(0.0004418650833649951,)","(0.000491279910206005,)","(-0.00047945592125700053,)","(7.578496233699977e-05,)","(8.140592824699977e-05,)","(0.0003138286675869739,)","(-2.512495747700183e-05,)","(-2.7652240819020513e-05,)","(0.0066560620169866525,)","(0.00022767079200036733,)","(0.0002311534419874306,)",1.0,1.75,1.75
"(0.04099194442510168,)","(0.0012653759893623828,)","(0.0015986060584651796,)","(-0.003990610742620998,)","(0.0008629595631649833,)","(0.001035768855790986,)","(-0.0007505606382829993,)","(0.00013148157713799985,)","(0.00014739455528699989,)","(0.00012342036222101616,)","(-6.429093314200274e-05,)","(-5.8435765711989385e-05,)","(0.045609695443999954,)","(0.00033522578199551845,)","(0.0004738784129898477,)",1.25,0.25,1.75
"(0.06755208171239246,)","(0.001694159708037546,)","(0.002248224797526177,)","(-0.006075559687758997,)","(0.0011976460706749903,)","(0.0015137244626740043,)","(-0.0010091484157480008,)","(0.00017005705362599984,)","(0.00020095852692699964,)","(0.0007147006335280204,)","(-8.963230768399555e-05,)","(-8.965813083000596e-05,)","(0.07392208918200538,)","(0.0004160888910007543,)","(0.000623199938999619,)",1.25,0.5,1.5
"(0.03464396747114051,)","(0.0012068581714288484,)","(0.0015612197022676355,)","(-0.0038777256857189524,)","(0.0008068580743690046,)","(0.0009947072945890034,)","(-0.0007289372201529989,)","(0.00012497329284899984,)","(0.00014603069702400027,)","(0.00019396761606396695,)","(-5.951399938700086e-05,)","(-5.481465361201199e-05,)","(0.039056662760984295,)","(0.0003345408039905351,)","(0.0004752963639873542,)",1.25,0.5,1.75
"(0.05048985075387691,)","(0.0015457327432102375,)","(0.002144304732468072,)","(-0.005556984121549979,)","(0.0010511520563729893,)","(0.001432110746142995,)","(-0.0009371498510659998,)","(0.00015256562429299958,)","(0.0001940870126660001,)","(0.0007723370041579913,)","(-7.77131815639931e-05,)","(-8.523470159799151e-05,)","(0.056211647722008706,)","(0.000419728243997497,)","(0.0006033416749886555,)",1.25,0.75,1.5
"(0.025983322760751548,)","(0.001101447681222112,)","(0.0014599282960716664,)","(-0.0036668060308519546,)","(0.0007173567856700036,)","(0.0009145309995420015,)","(-0.0006885996582799998,)","(0.0001144374033100002,)","(0.00013925416881300015,)","(0.0002666930256829403,)","(-5.130452794502305e-05,)","(-4.8795339476020994e-05,)","(0.0300720354239985,)","(0.00032095801999787454,)","(0.000454938466987187,)",1.25,0.75,1.75
"(0.0625852609200166,)","(0.0017990341555531586,)","(0.0026605973380355863,)","(-0.006976356253803995,)","(0.001207144611242994,)","(0.0018812648827439826,)","(-0.0010945642156389998,)","(0.0001651302966540003,)","(0.0002341291862929997,)","(0.001549964568105966,)","(-8.766613373800691e-05,)","(-0.0001103963227560012,)","(0.06910621682101237,)","(0.0005144253809987731,)","(0.000655599591993905,)",1.25,1.0,1.25
"(0.03327801746192449,)","(0.0013465154731875373,)","(0.0019185546302082912,)","(-0.004902387815380993,)","(0.000876914540982987,)","(0.0012647591169869798,)","(-0.0008418152891759992,)","(0.0001318390949989999,)","(0.0001768793829809998,)","(0.0007576878720079727,)","(-6.214982423599635e-05,)","(-7.468611969099759e-05,)","(0.038264532694000764,)","(0.0003999116609918474,)","(0.0005516022499989504,)",1.25,1.0,1.5
"(0.017104257318564464,)","(0.0009694491926524051,)","(0.001291123869009425,)","(-0.0033615334013800124,)","(0.0006137712814729968,)","(0.0008017681292220025,)","(-0.0006299114552040007,)","(0.00010149439068699983,)","(0.00012623335934699997,)","(0.000311326730194017,)","(-4.164915093199384e-05,)","(-4.177802423702137e-05,)","(0.020784375444989678,)","(0.0002958326710000847,)","(0.00040490040498752933,)",1.25,1.0,1.75
"(0.06581389303015328,)","(0.0019323276698628433,)","(0.002944507305542743,)","(-0.0072084325045279896,)","(0.0012730707476109882,)","(0.002085928391866998,)","(-0.0011058198101699997,)","(0.00016512898071099989,)","(0.00024854333663799997,)","(0.002093216742954984,)","(-9.180150759899308e-05,)","(-0.0001011138690510116,)","(0.07203492860197969,)","(0.000585929448988054,)","(0.0007111494459905998,)",1.25,1.25,1.0
"(0.03656152502892951,)","(0.0015043962148411083,)","(0.0022421474201905767,)","(-0.005732872969060027,)","(0.0009678037763249936,)","(0.0015587782688809837,)","(-0.0009314271136269996,)","(0.0001370861540359999,)","(0.00020179313915799982,)","(0.0012814633209790316,)","(-6.726292452699512e-05,)","(-9.627402174100519e-05,)","(0.041944361791010465,)","(0.0004667692089981301,)","(0.0005778500339914672,)",1.25,1.25,1.25
"(0.019184242740536206,)","(0.0011388642627707668,)","(0.001601807763890406,)","(-0.004203178713795996,)","(0.000715224777822987,)","(0.0010397915051300055,)","(-0.000734319380879,)","(0.00011155805764300007,)","(0.00015161351374499976,)","(0.0006775809919520315,)","(-4.773467625199257e-05,)","(-6.0483107949010906e-05,)","(0.023444159844004275,)","(0.0003598161039946035,)","(0.0004708858529909321,)",1.25,1.25,1.5
"(0.009669445720348335,)","(0.0008364362193304942,)","(0.0010843670052054222,)","(-0.002987724579407991,)","(0.000519142691115998,)","(0.0006753246575839922,)","(-0.0005572680124470005,)","(8.838765305599957e-05,)","(0.00010918963274499961,)","(0.00031778727954095976,)","(-3.310946252702007e-05,)","(-3.5047513788993845e-05,)","(0.01289665103298887,)","(0.0002620153379950807,)","(0.00033490022899229643,)",1.25,1.25,1.75
"(0.09395867131375724,)","(0.002391675838964602,)","(0.0036284093417151553,)","(-0.007134019877986036,)","(0.0015546334478819812,)","(0.002505543541154981,)","(-0.0010936070775559997,)","(0.00018158961226400015,)","(0.0002763179550979997,)","(0.0028173404932879953,)","(-0.00010686601053300215,)","(-8.222921323999821e-05,)","(0.09936895777600796,)","(0.0007623187890004601,)","(0.0009287770589878619,)",1.25,1.5,0.5
"(0.0603313390298581,)","(0.0019343072958548646,)","(0.0029695529778308583,)","(-0.006706289851700964,)","(0.001278699641798997,)","(0.0020353242701030005,)","(-0.0010331353522889993,)","(0.00015993514166800019,)","(0.00024043567305699967,)","(0.0022211236058209682,)","(-9.102780126502008e-05,)","(-8.210442787401351e-05,)","(0.06584964062901122,)","(0.0005867003139883309,)","(0.0007758974630007742,)",1.25,1.5,0.75
"(0.035209295303829435,)","(0.001542954323767276,)","(0.002349930030845826,)","(-0.00583683739666202,)","(0.001008933602086981,)","(0.0016320344558150013,)","(-0.0009294342312480006,)","(0.00013624689476100012,)","(0.00020528347842099955,)","(0.0015743169575130334,)","(-6.98148795179876e-05,)","(-9.452324464401252e-05,)","(0.0404012499739963,)","(0.00046758870598750946,)","(0.0006071353409993208,)",1.25,1.5,1.0
"(0.0189384087986042,)","(0.0012306616972921347,)","(0.001776687753036299,)","(-0.0046677626795809946,)","(0.0007804766462369828,)","(0.0012042210066569858,)","(-0.000782587829432,)","(0.00011450587032300029,)","(0.00016541159362599978,)","(0.0009893888988669886,)","(-5.090594551998562e-05,)","(-7.568750347800024e-05,)","(0.023399370408000664,)","(0.000386585125994543,)","(0.0004827426559899095,)",1.25,1.5,1.25
"(0.009467965352072838,)","(0.0009504751305797754,)","(0.0012682537648913694,)","(-0.0035188040363479667,)","(0.0005915303609849987,)","(0.0008093270250059958,)","(-0.0006225201510389996,)","(9.486669711999962e-05,)","(0.00012397436819100004,)","(0.0005591536485819726,)","(-3.691026211199988e-05,)","(-4.5411249200016934e-05,)","(0.013050135891006676,)","(0.0003009883349989195,)","(0.00038036362099092,)",1.25,1.5,1.5
"(0.004439217662124406,)","(0.0007201684727959901,)","(0.000878176049383228,)","(-0.002579389311102992,)","(0.0004479135663340017,)","(0.0005542499282789881,)","(-0.0004771048949490011,)","(7.73505710799996e-05,)","(9.12361132259995e-05,)","(0.0002916576005950189,)","(-2.6590839938001043e-05,)","(-2.9325980830996468e-05,)","(0.007204054268015625,)","(0.000221495174997699,)","(0.0002620159889943352,)",1.25,1.5,1.75
"(0.06294462881648144,)","(0.0019949404657495506,)","(0.002864031590164018,)","(-0.006472692175207045,)","(0.0013400710032169805,)","(0.0019011319106339852,)","(-0.000992721108754,)","(0.0001558944890889995,)","(0.00021259613170700013,)","(0.0022951271186530398,)","(-9.225751538699534e-05,)","(-7.31289566019977e-05,)","(0.0681149149820186,)","(0.0005912324890005038,)","(0.0008234325039921941,)",1.25,1.75,0.25
"(0.04725984254132243,)","(0.0017538259197209527,)","(0.0026351672710518415,)","(-0.006088642846281023,)","(0.001202054639299982,)","(0.0017507387749479963,)","(-0.0009465841513239997,)","(0.00014771091200800005,)","(0.00020758558326799958,)","(0.001966258555344047,)","(-8.364427908799654e-05,)","(-7.433319378799541e-05,)","(0.05232881098299913,)","(0.00048770464699998683,)","(0.0007511761069878276,)",1.25,1.75,0.5
"(0.03040233013196314,)","(0.0014744090689049472,)","(0.002251970249403712,)","(-0.005473739330557004,)","(0.0010117918124250003,)","(0.001513786360060998,)","(-0.0008725799964419984,)","(0.0001331913488330002,)","(0.00019117506503900025,)","(0.0015370887832610314,)","(-6.86956316330034e-05,)","(-8.201768806800902e-05,)","(0.03521156067498055,)","(0.00039812153899276836,)","(0.0006290265119872629,)",1.25,1.75,0.75
"(0.01718179280005927,)","(0.0012275789075744115,)","(0.0017971003859429402,)","(-0.004650481720086003,)","(0.0008209554105229888,)","(0.0012089927304029802,)","(-0.0007680742063089999,)","(0.00011580960037999976,)","(0.00016395208907300004,)","(0.001094653749406982,)","(-5.262362771799034e-05,)","(-7.55401512120002e-05,)","(0.021505694976994505,)","(0.000343437523994794,)","(0.0004996957179912442,)",1.25,1.75,1.0
"(0.008605880636096686,)","(0.0010025806573565887,)","(0.0013505476606496813,)","(-0.0037364162972579884,)","(0.0006505009801769934,)","(0.0008772675763059901,)","(-0.0006416488998989989,)","(9.865135449600021e-05,)","(0.00012994552827200016,)","(0.0007119539056929802,)","(-3.940246405401138e-05,)","(-5.257789940099622e-05,)","(0.01227199192699402,)","(0.00029283078698938425,)","(0.00039591245499082106,)",1.25,1.75,1.25
"(0.0037582298199652087,)","(0.0007964840152396846,)","(0.0009751771217736405,)","(-0.0028788799513219665,)","(0.0005079745102199995,)","(0.0006134460696219923,)","(-0.0005122588567639998,)","(8.312797812800015e-05,)","(9.829047234299979e-05,)","(0.000428973185166992,)","(-2.930418880500718e-05,)","(-3.381994408399591e-05,)","(0.0067203954430112844,)","(0.00023468571599494226,)","(0.0002972605239932591,)",1.25,1.75,1.5
"(0.0013466802879804618,)","(0.0006290803950861346,)","(0.0006985285375691319,)","(-0.0021679625330819907,)","(0.0003993760756939857,)","(0.0004477145893339862,)","(-0.0003961232107079996,)","(6.931955786699997e-05,)","(7.444053089899951e-05,)","(0.0002453724318999817,)","(-2.1466812497983323e-05,)","(-2.4877708877990568e-05,)","(0.0036653936000163867,)","(0.000181851573998415,)","(0.00020125112600055672,)",1.25,1.75,1.75
"(0.043833652568253,)","(0.0013205230327173467,)","(0.0017378431303143316,)","(-0.004409244812713986,)","(0.0009363608670669987,)","(0.0011406617614619918,)","(-0.0007845897875440001,)","(0.00014006556983799968,)","(0.000159311373441,)","(0.0003117231998749914,)","(-7.28690334890203e-05,)","(-6.335669015000711e-05,)","(0.04871576396899968,)","(0.000316965628996968,)","(0.0005012266859978354,)",1.5,0.25,1.5
"(0.023202129796644044,)","(0.0009579573675324582,)","(0.001232172055324554,)","(-0.002961806851334986,)","(0.0006340765089039857,)","(0.0007970424195359871,)","(-0.0005877949036950008,)","(0.00010165502493400015,)","(0.00011891006957899953,)","(3.788368465698633e-05,)","(-4.878133332600343e-05,)","(-4.3825365301009e-05,)","(0.026713847867014806,)","(0.0002710071670009029,)","(0.0003600449309999476,)",1.5,0.25,1.75
"(0.06736665532842778,)","(0.0016953478200463223,)","(0.002403883597935419,)","(-0.006255707510830988,)","(0.0012170263744319954,)","(0.0016445445698780037,)","(-0.0010105558203509996,)","(0.0001709565521020003,)","(0.00021183014248399995,)","(0.0009737214381830006,)","(-9.17584076600142e-05,)","(-9.58288440240096e-05,)","(0.07365919722199976,)","(0.00039912330099411975,)","(0.0006433377299970289,)",1.5,0.5,1.25
"(0.036773441902866466,)","(0.0012708085813954995,)","(0.0017437041786081409,)","(-0.00423632071480598,)","(0.000875735615665979,)","(0.0011312857907470053,)","(-0.0007601053048850006,)","(0.00013229791712099977,)","(0.0001603349650849996,)","(0.00038886576507096704,)","(-6.699177111599286e-05,)","(-6.327991965301982e-05,)","(0.041381002156995805,)","(0.0003297668199877535,)","(0.0005153633419894277,)",1.5,0.5,1.5
"(0.019414522341207885,)","(0.0009198687231304348,)","(0.0012137999870418525,)","(-0.002885498677485998,)","(0.000597926695383999,)","(0.0007695027999159998,)","(-0.0005715265760190009,)","(9.746164684799972e-05,)","(0.00011835282404099989,)","(9.442917123703154e-05,)","(-4.479226900300226e-05,)","(-4.072862143600364e-05,)","(0.02277711842400265,)","(0.0002692726499873288,)","(0.00036667298499537537,)",1.5,0.5,1.75
"(0.04990256500988721,)","(0.0015630134857502753,)","(0.002340800963040124,)","(-0.005592148947020953,)","(0.001075921440226002,)","(0.001595024930057004,)","(-0.0009268784450390003,)","(0.0001532175454719998,)","(0.0002072849357929998,)","(0.0010074448924819457,)","(-7.970021066799893e-05,)","(-9.380885378601489e-05,)","(0.05541414751000673,)","(0.0004135747109899057,)","(0.0006322999509933425,)",1.5,0.75,1.25
"(0.02713710313184947,)","(0.0011675868282594593,)","(0.001685812803472686,)","(-0.003934070650773003,)","(0.0007769772906549843,)","(0.001077105558457997,)","(-0.0007143032335540003,)","(0.0001200463088359997,)","(0.00015610328255799989,)","(0.0004541229403860203,)","(-5.731503991598941e-05,)","(-5.9658435742016014e-05,)","(0.03133135407600207,)","(0.0003278782689903892,)","(0.0005122623979900709,)",1.5,0.75,1.5
"(0.01422714211685161,)","(0.0008503343265857666,)","(0.001154694651361865,)","(-0.002742086805015004,)","(0.0005423970415809887,)","(0.0007202088683409824,)","(-0.0005411258821549992,)","(9.071220276599991e-05,)","(0.00011414516954499996,)","(0.0001564495683570033,)","(-3.880268024200606e-05,)","(-3.7008293390983216e-05,)","(0.017353905234983813,)","(0.00025602776199207256,)","(0.0003573489069879088,)",1.5,0.75,1.75
"(0.05656990270200879,)","(0.001752323072437889,)","(0.002781490005077103,)","(-0.006187735302352976,)","(0.001187138362854001,)","(0.0019538014597839937,)","(-0.000991913604499,)","(0.00015959804920800003,)","(0.00023743903430899996,)","(0.0016287127856069727,)","(-8.59195588260031e-05,)","(-0.00010105298070700597,)","(0.062120838822991686,)","(0.0004915062189922992,)","(0.0006913024920010002,)",1.5,1.0,1.0
"(0.03230577188651296,)","(0.0013683958136425645,)","(0.0021319799354273528,)","(-0.004826300472374007,)","(0.0009039201707399802,)","(0.0014405581027329972,)","(-0.000823944410482,)","(0.00013196311527199998,)","(0.00019182114077600024,)","(0.0009507246050380336,)","(-6.408824050799233e-05,)","(-8.463680897399795e-05,)","(0.03700529216399673,)","(0.000396600767999189,)","(0.0005842375009876832,)",1.5,1.0,1.25
"(0.0173199752761235,)","(0.0010288486906517846,)","(0.0015304178177046879,)","(-0.0035332030182760044,)","(0.0006638553253799917,)","(0.0009663583791759967,)","(-0.0006493767377389994,)","(0.00010572927357700018,)","(0.00014400610997800014,)","(0.00047432935444602364,)","(-4.617784364299715e-05,)","(-5.24292369530055e-05,)","(0.021028225677000023,)","(0.0003054419349979298,)","(0.000472482564987331,)",1.5,1.0,1.5
"(0.008886999942816942,)","(0.0007631123096700776,)","(0.0010473915171047565,)","(-0.0025320567421590334,)","(0.0004808952293909874,)","(0.0006519035447709876,)","(-0.0004964201817629996,)","(8.255939266900002e-05,)","(0.00010551180418900009,)","(0.00020141647287902353,)","(-3.232787063101039e-05,)","(-3.327758652499346e-05,)","(0.011714060393998693,)","(0.00023198555798842335,)","(0.0003232537549990866,)",1.5,1.0,1.75
"(0.08089003555133445,)","(0.002209864977587017,)","(0.003534603608940756,)","(-0.006048548895808026,)","(0.001467746565974981,)","(0.002421448678954996,)","(-0.0009797692630760003,)","(0.00017384024964000027,)","(0.00026608081564599966,)","(0.0024412911430610196,)","(-0.00010348775445598313,)","(-7.628695697800558e-05,)","(0.0854770625659853,)","(0.0006717659159960476,)","(0.0009233610709884488,)",1.5,1.25,0.5
"(0.053917678456500084,)","(0.001820799656741201,)","(0.002931558839222248,)","(-0.005807762975707981,)","(0.001218684056145003,)","(0.002020022900565993,)","(-0.0009379948951110002,)","(0.00015441735191199998,)","(0.00023779595504100012,)","(0.0019301275873789547,)","(-8.711113134102222e-05,)","(-8.268564534100187e-05,)","(0.0587333087400026,)","(0.0005348093799995013,)","(0.0007564256289924742,)",1.5,1.25,0.75
"(0.032543595157051186,)","(0.0014680952569960937,)","(0.0023559778662445297,)","(-0.005088768120790982,)","(0.0009676892268890014,)","(0.001632876660471988,)","(-0.0008474038428,)","(0.00013296241087899958,)","(0.00020626599089999982,)","(0.0013485124970809836,)","(-6.702587353002443e-05,)","(-8.99448479299847e-05,)","(0.037131254624000576,)","(0.00043446949298697746,)","(0.0006067800629949716,)",1.5,1.25,1.0
"(0.018009602882415265,)","(0.0011600264954125805,)","(0.0018048084373702977,)","(-0.004078303000826011,)","(0.0007468671685409989,)","(0.0012026304018389888,)","(-0.0007153617061940003,)","(0.00011191725640999958,)","(0.00016680665762399977,)","(0.000824214544300983,)","(-4.971100171902165e-05,)","(-6.974659574598974e-05,)","(0.021979053045015462,)","(0.00035095307200094794,)","(0.0005051179740007683,)",1.5,1.25,1.25
"(0.009222233421937176,)","(0.0008869508141060578,)","(0.0013014728472029446,)","(-0.003082084136388996,)","(0.0005641510470069944,)","(0.000817233910724996,)","(-0.0005714331132030005,)","(9.213576328399951e-05,)","(0.00012574114764299978,)","(0.0004461010229120099,)","(-3.6601306976996595e-05,)","(-4.326106390001305e-05,)","(0.01242964964899329,)","(0.0002672653109954126,)","(0.0004017588529876548,)",1.5,1.25,1.5
"(0.004415645264998602,)","(0.0006775369753881932,)","(0.0009065919045383453,)","(-0.002269971948489019,)","(0.00042730118526498884,)","(0.0005711108933649789,)","(-0.00044053300220700097,)","(7.453258127099963e-05,)","(9.355522886999972e-05,)","(0.00021723295582101732,)","(-2.6666390678997676e-05,)","(-2.9606791549979805e-05,)","(0.006908917261000624,)","(0.00020236959998953807,)","(0.0002715325739899299,)",1.5,1.25,1.75
"(0.05709132473961631,)","(0.001956952215650176,)","(0.003016869844728376,)","(-0.005505625533928971,)","(0.0013119391073939946,)","(0.001965852674402996,)","(-0.0008877243781749995,)","(0.000150647683055,)","(0.00021866648866799947,)","(0.002203885115591969,)","(-9.203401356899787e-05,)","(-7.005695656200905e-05,)","(0.06128078953599925,)","(0.0005863994389869731,)","(0.000902407637994429,)",1.5,1.5,0.25
"(0.0432718379308028,)","(0.001727815894994933,)","(0.002743844667222106,)","(-0.005273579296595027,)","(0.0011743513535489858,)","(0.0018072428107979988,)","(-0.0008578213828580004,)","(0.0001421447805819995,)","(0.00021159516663300012,)","(0.001894709769026004,)","(-8.349772316099124e-05,)","(-7.116736309301097e-05,)","(0.04750852884100709,)","(0.0004948174839967123,)","(0.0007961740529935923,)",1.5,1.5,0.5
"(0.028278291096384578,)","(0.0014570143446093198,)","(0.0023404905055031122,)","(-0.004838930433858968,)","(0.0009872335307349878,)","(0.0015774427335960017,)","(-0.0008036979905500004,)","(0.00012828058371499966,)","(0.00019631304765900005,)","(0.001478722169083957,)","(-6.840917901398957e-05,)","(-7.910175361300342e-05,)","(0.032442197352011704,)","(0.0004099094090008748,)","(0.0006458364780002057,)",1.5,1.5,0.75
"(0.016282151642741383,)","(0.0012075060258069925,)","(0.0018923088416755718,)","(-0.004175830801841973,)","(0.0007981811784250059,)","(0.0012794640662029955,)","(-0.0007176714458510007,)","(0.00011220751496399985,)","(0.0001713126973349995,)","(0.0010404758772669942,)","(-5.218614911201014e-05,)","(-7.380436148299307e-05,)","(0.020135178013987343,)","(0.00034930348199679884,)","(0.0005153364399888005,)",1.5,1.5,1.0
"(0.008297840992227634,)","(0.0009720369510120008,)","(0.0014481693619359248,)","(-0.0033854158264600143,)","(0.0006297278427709885,)","(0.0009400619874009863,)","(-0.0006058470366600011,)","(9.61950989379996e-05,)","(0.0001378663072579998,)","(0.0006604353139920416,)","(-3.9333082599984914e-05,)","(-5.2340053658006536e-05,)","(0.011628668542002174,)","(0.00028544709199707086,)","(0.0004225811210005759,)",1.5,1.5,1.25
"(0.0036681407192133975,)","(0.0007622758617316094,)","(0.001055549279996626,)","(-0.002619503750172003,)","(0.0004912869290930044,)","(0.0006613874796619901,)","(-0.0004869712056600013,)","(8.12830891869995e-05,)","(0.00010507037686199958,)","(0.0003832717424069598,)","(-2.967177453802594e-05,)","(-3.4469979445006516e-05,)","(0.006391343932989457,)","(0.0002193776179950646,)","(0.0003235614029932776,)",1.5,1.5,1.5
"(0.001314557366569602,)","(0.000605300333504033,)","(0.0007557736422825201,)","(-0.0019776364238440203,)","(0.0003873909099929851,)","(0.0004847725543769832,)","(-0.0003782925868230005,)","(6.783536561699981e-05,)","(7.991172503999961e-05,)","(0.00020771159628202307,)","(-2.2027305848992818e-05,)","(-2.5855255824991374e-05,)","(0.003462774782022393,)","(0.00017210136400080955,)","(0.00021694461899812723,)",1.5,1.5,1.75
"(0.02801948456274772,)","(0.0014697613459588865,)","(0.0022778099359754833,)","(-0.004648065045938982,)","(0.0010493152607529976,)","(0.0014527536849229805,)","(-0.0007631395895929998,)","(0.0001265505157720002,)","(0.00017186019795199965,)","(0.0015333230134299547,)","(-7.527124732401025e-05,)","(-6.929191821600234e-05,)","(0.031897366185006604,)","(0.000369166816994948,)","(0.0007224879709895049,)",1.5,1.75,0.25
"(0.020992580379527226,)","(0.0013325389014227085,)","(0.002107729483796561,)","(-0.004362514904665021,)","(0.0009510127740119945,)","(0.0013590873704779904,)","(-0.0007283791084369993,)","(0.00012054307586800012,)","(0.00016977021015699995,)","(0.001318626611852003,)","(-6.6152724348012e-05,)","(-6.996795321201343e-05,)","(0.024764847780986088,)","(0.0003271357759899729,)","(0.0006488398559980624,)",1.5,1.75,0.5
"(0.013142187715260434,)","(0.0011655059800546042,)","(0.0018186369001682579,)","(-0.0039201904203109705,)","(0.0008172047413460004,)","(0.001182788259764006,)","(-0.0006709139605949998,)","(0.00011030875890300027,)","(0.000158096859287,)","(0.001033596344387988,)","(-5.356094517000587e-05,)","(-6.636763338602192e-05,)","(0.01669969575100083,)","(0.00029155342500075676,)","(0.000544119413987687,)",1.5,1.75,0.75
"(0.00682587298024373,)","(0.000989714013030607,)","(0.0014703573222902833,)","(-0.0033604051449669936,)","(0.0006765870449189915,)","(0.0009431362266640042,)","(-0.0005916860062380007,)","(9.781143623999958e-05,)","(0.00013602056393600005,)","(0.0007417198637320321,)","(-4.164484913499189e-05,)","(-5.321531428301163e-05,)","(0.010036244267993766,)","(0.000256960380994542,)","(0.00044441584599042017,)",1.5,1.75,1.0
"(0.0027315111414480953,)","(0.0008148412924384729,)","(0.0011281251781838364,)","(-0.002751028739813005,)","(0.0005471662629429885,)","(0.0007033610979040039,)","(-0.0004979699494119996,)","(8.520812626299987e-05,)","(0.00010914401282900027,)","(0.0004911007284439939,)","(-3.1994860012984905e-05,)","(-3.768063892001239e-05,)","(0.0054894091020116775,)","(0.0002144617629937784,)","(0.0003533007059957072,)",1.5,1.75,1.25
"(0.0005165151024613124,)","(0.0006615247701802218,)","(0.0008329879972706067,)","(-0.002171874379228028,)","(0.00043988907166297997,)","(0.0005218273625649805,)","(-0.0004021821321439998,)","(7.344258147099977e-05,)","(8.47716064249996e-05,)","(0.00030457849681003735,)","(-2.4302671724985014e-05,)","(-2.813081234698256e-05,)","(0.0027859931179818886,)","(0.00017249578898770324,)","(0.00025451984099333913,)",1.5,1.75,1.5
"(-0.0004310440182138109,)","(0.0005452983893832197,)","(0.0006131525082935241,)","(-0.0016778025283749887,)","(0.0003565622355549969,)","(0.00039763744339499363,)","(-0.0003151525687490001,)","(6.245505796799965e-05,)","(6.579561508199966e-05,)","(0.00018077631712398734,)","(-1.8041268006002698e-05,)","(-2.2306160702006972e-05,)","(0.0013811347619849812,)","(0.0001443223639938651,)","(0.0001720256109933871,)",1.5,1.75,1.75
"(0.06421847324760677,)","(0.0015908218210967107,)","(0.0022493932697216223,)","(-0.005869223371067017,)","(0.0011714318264239854,)","(0.0015073441536889998,)","(-0.0009392363668989994,)","(0.00016547346581599967,)","(0.00019482165720800023,)","(0.0008723806111540222,)","(-9.121287891999952e-05,)","(-8.378823629101584e-05,)","(0.07015455237498713,)","(0.0003451294079894751,)","(0.000631015694992243,)",1.75,0.25,1.0
"(0.038397823122551245,)","(0.0012632918018056216,)","(0.0017225410418149067,)","(-0.004231649112799024,)","(0.0009042070985619821,)","(0.0011193332260990008,)","(-0.0007405415888840005,)","(0.00013504284884699978,)","(0.00015543339897000023,)","(0.00040485570522005854,)","(-7.261336054598111e-05,)","(-6.154660428800418e-05,)","(0.04296515811901713,)","(0.00029665521499566694,)","(0.0005093210209992094,)",1.75,0.25,1.25
"(0.02158146694303298,)","(0.0009672413655152923,)","(0.001265182827481226,)","(-0.0030018205231290285,)","(0.0006550670687699989,)","(0.000816915999741985,)","(-0.00057716585457,)","(0.00010382768536499991,)","(0.00012032031851500011,)","(0.0001270786377420008,)","(-5.3111115270010334e-05,)","(-4.522571175000212e-05,)","(0.02503337468299094,)","(0.0002614577269923757,)","(0.0003731722209892041,)",1.75,0.25,1.5
"(0.011668992924100507,)","(0.0007324065445999395,)","(0.0009208927201598271,)","(-0.002139984450226007,)","(0.0004585701902649897,)","(0.0005993188458569831,)","(-0.0004457638899120009,)","(7.669588423300008e-05,)","(9.268286531399945e-05,)","(-9.993464065966018e-06,)","(-3.60232754059997e-05,)","(-3.3008878442986056e-05,)","(0.014264734727007067,)","(0.00023316374499415815,)","(0.00026189988699343303,)",1.75,0.25,1.75
"(0.053750710468847274,)","(0.0015391100475881103,)","(0.0023069098365056107,)","(-0.005432464916443003,)","(0.0011003737405770042,)","(0.0015475616206870046,)","(-0.0008914221896240008,)","(0.00015559651682200016,)","(0.00019819736269499968,)","(0.0009485769872190075,)","(-8.467573166801023e-05,)","(-8.846831742900796e-05,)","(0.05912602058801042,)","(0.0003678155219972723,)","(0.0006496191709999266,)",1.75,0.5,1.0
"(0.031927507649427866,)","(0.0012200349408146849,)","(0.0017590031317951116,)","(-0.004015608318394981,)","(0.0008464037810420044,)","(0.0011400356376130016,)","(-0.0007143263139639993,)","(0.0001271108251240001,)","(0.00015855024498100025,)","(0.0004758909759979557,)","(-6.634174709801988e-05,)","(-6.404770370802004e-05,)","(0.03618155130598666,)","(0.0003128620819978778,)","(0.0005244649529885237,)",1.75,0.5,1.25
"(0.017792219055962732,)","(0.0009321793357202068,)","(0.001282313743260488,)","(-0.0028949271839439905,)","(0.0006160299905839939,)","(0.0008116924944610027,)","(-0.0005602378921979994,)","(9.879155102599999e-05,)","(0.00012187921506199954,)","(0.00018276069262798678,)","(-4.8316523984015536e-05,)","(-4.379880723900942e-05,)","(0.021064623439002617,)","(0.0002656743179869636,)","(0.0003925408409912734,)",1.75,0.5,1.5
"(0.009510261725125702,)","(0.0007066620323854522,)","(0.0009214830075876534,)","(-0.002085144330380012,)","(0.0004389795647259942,)","(0.0005892379702940043,)","(-0.0004330267837710008,)","(7.456078061899955e-05,)","(9.322640415e-05,)","(3.100590561200267e-05,)","(-3.320864336300855e-05,)","(-3.1589969414019814e-05,)","(0.011997426934001965,)","(0.00022633032999408442,)","(0.00027060860298888656,)",1.75,0.5,1.75
"(0.061670783102783844,)","(0.001723789849151558,)","(0.0028186690981186757,)","(-0.005855873664865008,)","(0.0012132458712299787,)","(0.0019114029757610063,)","(-0.0009473464367100006,)","(0.00016243189680999973,)","(0.00022884419534499947,)","(0.0015193007905380251,)","(-9.14729693299865e-05,)","(-9.835989241901988e-05,)","(0.06695470241299972,)","(0.0004395850499889775,)","(0.0007767818189989839,)",1.75,0.75,0.75
"(0.03940514665129058,)","(0.0014255042382274041,)","(0.002280009191622412,)","(-0.004785134933404989,)","(0.000982151278088983,)","(0.0015286485059949895,)","(-0.00081399791438,)","(0.00013963669825700024,)","(0.00019645774446799998,)","(0.0009706570295620331,)","(-7.376414917498186e-05,)","(-8.813178865998972e-05,)","(0.0440336224699962,)","(0.0003774804109895058,)","(0.0006430347299897221,)",1.75,0.75,1.0
"(0.023088395126478645,)","(0.0011277095794071101,)","(0.001738428926699953,)","(-0.0036682981057669928,)","(0.0007557167167339951,)","(0.001116834599600991,)","(-0.0006675302872069999,)","(0.00011501234780300022,)","(0.0001571111626550003,)","(0.0005285854035240178,)","(-5.6763191192993334e-05,)","(-6.277467590801167e-05,)","(0.026895638116002374,)","(0.0003137437059876902,)","(0.0005272578399910799,)",1.75,0.75,1.25
"(0.012616259088588322,)","(0.0008641039918160232,)","(0.0012597537448613139,)","(-0.0027117444686910186,)","(0.0005584941768319862,)","(0.0007828069204269816,)","(-0.0005289657495800007,)","(9.130229703299946e-05,)","(0.00011998456106299994,)","(0.00023852445156899438,)","(-4.1510820721984976e-05,)","(-4.12223380240051e-05,)","(0.01561844485499364,)","(0.00025581833899934736,)","(0.0003981846009963874,)",1.75,0.75,1.5
"(0.006557774330332222,)","(0.0006629509649371812,)","(0.0008981496871172112,)","(-0.00198577371216202,)","(0.0004107318870749943,)","(0.0005680499930229843,)","(-0.00040993286478699896,)","(7.11325771750003e-05,)","(9.154494424799993e-05,)","(7.875410170204988e-05,)","(-2.926804878899958e-05,)","(-3.007335833499214e-05,)","(0.008874726804990019,)","(0.00021035454899731576,)","(0.0002686281079888886,)",1.75,0.75,1.75
"(0.07217404800185534,)","(0.0019779136046622625,)","(0.003332555045133745,)","(-0.005422365067035972,)","(0.0013731495403880023,)","(0.0022009234312140025,)","(-0.0009058594052460001,)","(0.00016671199241700008,)","(0.00024263034744299947,)","(0.0020888824464099787,)","(-0.00010368801258400784,)","(-7.674596245901832e-05,)","(0.07641339002699965,)","(0.0005417400839888842,)","(0.0009657472289887892,)",1.75,1.0,0.25
"(0.0572182887398327,)","(0.0017762639007656844,)","(0.003026181641473613,)","(-0.0052658427737670155,)","(0.001232028658691986,)","(0.0020219192284989806,)","(-0.0008791962333279998,)","(0.00015590258646500012,)","(0.0002329268042850002,)","(0.0017902851153619725,)","(-9.24052152820043e-05,)","(-8.33499853210018e-05,)","(0.06157304263200558,)","(0.0004807378709870136,)","(0.000854685593992599,)",1.75,1.0,0.5
"(0.039875921424865624,)","(0.001519898361095784,)","(0.0025946701855872334,)","(-0.00482534630739298,)","(0.0010419325240819954,)","(0.0017543967157079843,)","(-0.0008195899133739996,)","(0.0001398726311679999,)","(0.00021404191264899966,)","(0.00136518418373896,)","(-7.67226163390089e-05,)","(-8.983024021899655e-05,)","(0.04415567346099181,)","(0.00041481582199764944,)","(0.0007160617969930172,)",1.75,1.0,0.75
"(0.02489605076708301,)","(0.0012558681882950395,)","(0.002106877883107927,)","(-0.004094699686709974,)","(0.0008418657912939997,)","(0.0014052904146439893,)","(-0.0007232875356549991,)","(0.00012108083694500026,)","(0.0001844604045870002,)","(0.0009129078094999576,)","(-6.0444837880008206e-05,)","(-8.011378666600288e-05,)","(0.028801130180980294,)","(0.0003533663979879975,)","(0.0005972408509933302,)",1.75,1.0,1.0
"(0.014114724041320414,)","(0.0009985605836533296,)","(0.001611363476726524,)","(-0.0032471444684770145,)","(0.000654757325014993,)","(0.0010253668932989901,)","(-0.0006044090181290002,)","(0.00010150045187500012,)","(0.000147494446374,)","(0.0005326207110729897,)","(-4.6213946129997074e-05,)","(-5.637667023000725e-05,)","(0.017433656816990606,)","(0.00028851675298824375,)","(0.0004948788069896182,)",1.75,1.0,1.25
"(0.007332246615007421,)","(0.0007754308666676479,)","(0.0011698674431528389,)","(-0.00246670947215602,)","(0.000497480885580992,)","(0.0007227643622869928,)","(-0.0004838728778749999,)","(8.297429890400006e-05,)","(0.00011275829792299977,)","(0.00027049288433203533,)","(-3.44679397749903e-05,)","(-3.757602607901145e-05,)","(0.01001233608097607,)","(0.00022944362198984436,)","(0.0003719208089876247,)",1.75,1.0,1.5
"(0.0035267233066633707,)","(0.0006106115870778694,)","(0.0008401758133089743,)","(-0.0018425433940960079,)","(0.0003810135551390037,)","(0.0005326324740339838,)","(-0.00037654139821400017,)","(6.702648288000029e-05,)","(8.661903430899967e-05,)","(0.00011703620928302239,)","(-2.505591264800877e-05,)","(-2.8315723884980715e-05,)","(0.005628771889988116,)","(0.00018762746199740832,)","(0.0002492400289924035,)",1.75,1.0,1.75
"(0.04226018613825033,)","(0.001653942447319423,)","(0.002818401862455744,)","(-0.004557894707955007,)","(0.0011484940350449946,)","(0.0018294765704159888,)","(-0.00078358669284,)","(0.00013911057203599975,)","(0.00020912972032299977,)","(0.0017378448216630038,)","(-8.538073306699201e-05,)","(-6.972058878598753e-05,)","(0.04586382271699563,)","(0.00045171857298953455,)","(0.000849516159988184,)",1.75,1.25,0.25
"(0.03291737715088061,)","(0.0014905105286402431,)","(0.0025776894106002146,)","(-0.004387784184430976,)","(0.0010318862517169902,)","(0.0017035449596529972,)","(-0.0007592354451639999,)","(0.00013088433261300002,)","(0.00020328256406000004,)","(0.0014911376139889743,)","(-7.556062695099341e-05,)","(-7.567241833200677e-05,)","(0.036573259165990635,)","(0.0004033005709942472,)","(0.000746534304994384,)",1.75,1.25,0.5
"(0.022189803170789446,)","(0.0012858195337486222,)","(0.0022234161180421097,)","(-0.004022164249655985,)","(0.0008762397132729971,)","(0.0014899634632009884,)","(-0.0007092940756319999,)","(0.00011856970549399982,)","(0.00018851050359199994,)","(0.0011495549748319622,)","(-6.196712672401627e-05,)","(-7.816828123100028e-05,)","(0.025771706520984594,)","(0.0003529772419881283,)","(0.0006231104319880387,)",1.75,1.25,0.75
"(0.013118384062195787,)","(0.0010727587030174845,)","(0.0018117959645849169,)","(-0.003460919223664982,)","(0.000715110459986984,)","(0.0011937363337480023,)","(-0.0006302318074330009,)","(0.0001041628717219998,)","(0.00016280688467499964,)","(0.0007916410411820118,)","(-4.8461016340983765e-05,)","(-6.630060494700052e-05,)","(0.01641789405199745,)","(0.00030194638799230233,)","(0.0005215533509925763,)",1.75,1.25,1.0
"(0.006792962866597918,)","(0.0008642762126243042,)","(0.0013942575077834363,)","(-0.0028063407873100132,)","(0.000567682027623001,)","(0.0008789966961309792,)","(-0.0005310999624110009,)","(8.933438609299953e-05,)","(0.00013058058057100006,)","(0.00048760692820598583,)","(-3.744663322099995e-05,)","(-4.651864321800203e-05,)","(0.009642796688012822,)","(0.00024470643199947517,)","(0.0004311988739971184,)",1.75,1.25,1.25
"(0.00298926339785055,)","(0.0006874571179480427,)","(0.0010240647896893051,)","(-0.002182654522926014,)","(0.00044620953455098977,)","(0.0006367478559699824,)","(-0.00042823353950299965,)","(7.535217409100018e-05,)","(0.0001009127119259998,)","(0.0002711092843230567,)","(-2.8485345836992693e-05,)","(-3.2952786180984184e-05,)","(0.005329042175986842,)","(0.00019438075499067509,)","(0.0003193570079957908,)",1.75,1.25,1.5
"(0.0010164842636442017,)","(0.0005606503489161696,)","(0.0007504465980474606,)","(-0.0016634850783699973,)","(0.00035538139019999915,)","(0.00048127719625698506,)","(-0.00033492433876700003,)","(6.29536827949995e-05,)","(7.857160186700018e-05,)","(0.00013715601380401288,)","(-2.1115032522001087e-05,)","(-2.5747365229006336e-05,)","(0.002877737666011626,)","(0.0001634303079924848,)","(0.00021634516500057543,)",1.75,1.25,1.75
"(0.021582154954387534,)","(0.0013429330354171043,)","(0.0022681492260829828,)","(-0.0039020859966930055,)","(0.0009565130662470001,)","(0.0014506406595120036,)","(-0.0006825188887700003,)","(0.00011712056962600009,)","(0.00017396037226099972,)","(0.0013455243541450057,)","(-6.999082393199796e-05,)","(-6.746791098502514e-05,)","(0.02482123548502102,)","(0.0003392902229961692,)","(0.0007110161050007946,)",1.75,1.5,0.25
"(0.016265913481589678,)","(0.0012262418149475707,)","(0.0020898153940152042,)","(-0.0036938017263400125,)","(0.0008663542783349798,)","(0.0013570308281520005,)","(-0.0006547495239759994,)","(0.00011133076154899984,)","(0.000170342061093,)","(0.0011546390418000485,)","(-6.154857864598684e-05,)","(-6.7974568668e-05,)","(0.019459825690006483,)","(0.0003101053539893428,)","(0.0006304170729976022,)",1.75,1.5,0.5
"(0.01019784559102277,)","(0.0010746277803974635,)","(0.001810954877797144,)","(-0.0033467495107049883,)","(0.0007451190089579895,)","(0.0011818729278350038,)","(-0.0006058637744050001,)","(0.00010217052751499995,)","(0.00015799560332699965,)","(0.00089755120811702,)","(-5.0324036078991385e-05,)","(-6.297552815501262e-05,)","(0.013252907668004354,)","(0.0002776622799984807,)","(0.0005340618750011572,)",1.75,1.5,0.75
"(0.005196614589650039,)","(0.0009081839087343724,)","(0.0014801827404227197,)","(-0.0028854037271489608,)","(0.0006183921943500037,)","(0.0009450294239810031,)","(-0.0005360606786020006,)","(9.117194139999975e-05,)","(0.00013600123896499988,)","(0.0006337429460539501,)","(-3.970858523502652e-05,)","(-4.997942143700196e-05,)","(0.007984336049005947,)","(0.00023832835799453278,)","(0.00044913149899628024,)",1.75,1.5,1.0
"(0.0018851033338194156,)","(0.0007460891659007984,)","(0.001147248154993008,)","(-0.0023721190861200336,)","(0.0005027467377559935,)","(0.0007120247087469833,)","(-0.0004524653795400001,)","(7.990061753999998e-05,)","(0.00010975679248300015,)","(0.0004093527233730021,)","(-3.093400968601223e-05,)","(-3.6455470658003364e-05,)","(0.0043003350750012714,)","(0.00019437581998715814,)","(0.0003619221240001025,)",1.75,1.5,1.25
"(7.897435199311076e-05,)","(0.000612601888150266,)","(0.0008551526076985283,)","(-0.001881127693365986,)","(0.00040769108496499507,)","(0.0005372990147800016,)","(-0.00036670932332899964,)","(6.918196653899963e-05,)","(8.627032951599983e-05,)","(0.00024527791027798007,)","(-2.3665486676011094e-05,)","(-2.8200417023005464e-05,)","(0.002081533457996443,)","(0.00015939432299205691,)","(0.0002597836799935749,)",1.75,1.5,1.5
"(-0.0006677128419170231,)","(0.0005160427128743095,)","(0.0006397398150852496,)","(-0.0014616871007349652,)","(0.0003339905770740059,)","(0.0004152120927159997,)","(-0.0002886258003989995,)","(5.9198626003000195e-05,)","(6.798604734200003e-05,)","(0.0001385075393199875,)","(-1.7604676597005042e-05,)","(-2.2587981855004546e-05,)","(0.0009440925200010497,)","(0.0001404581859958398,)","(0.00017912965699906636,)",1.75,1.5,1.75
"(0.009311544072076572,)","(0.0010832662578224017,)","(0.0017810536988633885,)","(-0.003206615656592998,)","(0.00079730081926499,)","(0.0010943462842609997,)","(-0.0005738070143899996,)","(0.00010241123174700023,)","(0.00014051215476399998,)","(0.0009424999496330244,)","(-5.6963284086997135e-05,)","(-5.651546391000073e-05,)","(0.012149466793999864,)","(0.00024051749099385233,)","(0.0006027107239958696,)",1.75,1.75,0.25
"(0.006504976216334057,)","(0.0010032427202020244,)","(0.0016444431557687267,)","(-0.0030141105843969895,)","(0.0007303005802989926,)","(0.0010134473118629805,)","(-0.0005463913885130007,)","(9.765432306299993e-05,)","(0.00013648546601899986,)","(0.0008149022354649593,)","(-4.998032404099351e-05,)","(-5.277667093900318e-05,)","(0.009250575953998919,)","(0.000225268140994217,)","(0.0005472870489882098,)",1.75,1.75,0.5
"(0.0033240778602987575,)","(0.000891588206684446,)","(0.0014286054917533875,)","(-0.0027186946054499894,)","(0.0006388245989469854,)","(0.0008751704048869935,)","(-0.0005014351932640009,)","(9.025579008099978e-05,)","(0.00012526717769999977,)","(0.0006440421307029875,)","(-4.1226053200005275e-05,)","(-4.536274468999735e-05,)","(0.005900165528984758,)","(0.00020373387098970852,)","(0.00047353065399136085,)",1.75,1.75,0.75
"(0.0007822976730267328,)","(0.0007665725101020371,)","(0.0011713149795724576,)","(-0.0023522762545090115,)","(0.0005412561163979923,)","(0.0007082484448689974,)","(-0.0004416525783750005,)","(8.155809059700019e-05,)","(0.00010757621105099945,)","(0.00046893937133601904,)","(-3.278407168100239e-05,)","(-3.6235443143017854e-05,)","(0.0031072871349948628,)","(0.00017654237498732073,)","(0.0003917257669883156,)",1.75,1.75,1.0
"(-0.0007696918604409575,)","(0.0006475032380421908,)","(0.0009127964243731412,)","(-0.0019579453917580314,)","(0.0004511034991809826,)","(0.0005553306723269924,)","(-0.0003732521957410008,)","(7.269377765199963e-05,)","(8.79764701389998e-05,)","(0.000318072889470028,)","(-2.5535547906990752e-05,)","(-2.9133603891007276e-05,)","(0.0012434328379953286,)","(0.000149241508992759,)","(0.0002986228859924722,)",1.75,1.75,1.25
"(-0.0014459149885936995,)","(0.0005490594609653954,)","(0.0006897568578665414,)","(-0.0015809021800600176,)","(0.0003749597313549846,)","(0.00043584840909299816,)","(-0.00030434485374199963,)","(6.394410563899996e-05,)","(7.046959923999972e-05,)","(0.0002042149740600352,)","(-1.9490844141989427e-05,)","(-2.423621008201815e-05,)","(0.00023511707099999057,)","(0.00012964646799673574,)","(0.0002076750599968591,)",1.75,1.75,1.5
"(-0.0015233534529954795,)","(0.00047027763264395617,)","(0.0005231425728879913,)","(-0.0012520666368180111,)","(0.00031212402711999765,)","(0.00033998248990999014,)","(-0.00024157625969999964,)","(5.524865031000022e-05,)","(5.582661131499963e-05,)","(0.0001261900204330424,)","(-1.4767010238003753e-05,)","(-1.933404656198623e-05,)","(-0.00015590057797965073,)","(0.00011767196500045429,)","(0.00014666751799552458,)",1.75,1.75,1.75
